"","taxon_scientific_name","assessment_id","red_list_category_code","criteria","AOO","EOO","popSize","NumLocationsExtant","Risk","Endemic","Decline","Restriction","Priority1_PS","Priority1_Rank","Priority2_PS","Priority2_Rank"
"1","Pterocymbium oceanicum",99752113,"CR","A2cd","20","2346","249",1,4,10,10,8,3200,1,400,NA
"2","Hibiscus bragliae",168544272,"CR","C1","12","12","249",1,4,10,8,9,2880,2,360,NA
"3","Acmopyle sahniana",99514723,"CR","C1","20","1736","150-249",1,4,10,8,8,2560,3,320,NA
"4","Brachylophus vitiensis",2791620,"CR","A2abce",NA,NA,"12000-14000,13000",1,4,10,10,6,2400,4,400,NA
"5","Weinmannia exigua",9602111,"CR","C2b, D",NA,NA,NA,1,4,10,2,10,800,5,400,NA
"6","Cyphosperma naboutinense",99550660,"CR","B1ab(iii); D",NA,"4-100","45-55",1,4,10,2,10,800,6,400,NA
"7","Guettarda wayaensis",99550760,"CR","D","12","2359","49",1,4,10,2,10,800,7,400,NA
"8","Hibiscus storckii",99550795,"CR","B1ab(iii); D","12","12","0-49",1,4,10,2,10,800,8,400,NA
"9","Charmosyna amabilis",129622366,"CR","C2a(i,ii); D",NA,"37100","1-49",1,4,10,2,10,800,9,400,NA
"10","Pseudobulweria macgillivrayi",132613365,"CR","C2a(i,ii);D","27","165000","1-49",1,4,10,2,10,800,10,400,NA
"11","Hibiscus bennettii",168544282,"CR","B1ab(iii,v)+2ab(iii,v); C2a(i,ii); D","4","4","4",1,4,10,2,10,800,11,400,NA
"12","Partula leefei",1498392,"CR","B1ab(v)+2ab(v)","4","4",NA,1,4,10,2,9,720,12,360,NA
"13","Leiolopisma alazon",2468178,"CR","B1ab(iii,v)+2ab(iii,v)","2","2",NA,1,4,10,2,9,720,13,360,NA
"14","Cyphosperma tanga",2870042,"CR","B1ab(iii,v)",NA,"99","350-400",1,4,10,2,9,720,14,360,NA
"15","Mirimiri acrodonta",22071017,"CR","B1ab(iii)",NA,"99","200-1000",1,4,10,2,9,720,15,360,NA
"16","Brachylophus gau",152294669,"EN","A2bce+4bce; B1ab(i,ii,iii,v)+2ab(i,ii,iii,v)","220","220","1000-7000",1,2,10,6,6,720,16,120,NA
"17","Ouagapia ratusukuni",176832431,"CR","B1ab(ii,iii)","30","43",NA,1,4,10,2,9,720,17,360,NA
"18","Lepidodactylus gardineri",192973261,"CR","B1ab(v)",NA,"50",NA,1,4,10,2,9,720,18,360,NA
"19","Balaka diffusa",99550655,"CR","C2a(ii)",NA,NA,"200",1,4,10,2,8,640,19,320,NA
"20","Hibiscus macverryi",168544277,"CR","C2a(i)","16","105.5","249",1,4,10,2,8,640,20,320,NA
"21","Schefflera euthytricha",99513837,"EN","B1ab(iii)+2ab(iii); D","16","1286","1-250,200",1,2,10,2,10,400,21,200,NA
"22","Meryta tenuifolia",99550695,"CR","B1ab(iii); D",NA,"1-50","10-49",1,4,10,1,10,400,22,400,NA
"23","Metroxylon vitiense",1494240,"EN","B1ab(i,ii,iii,v)+2ab(i,ii,iii,v)","4.5-52,52","1251",NA,1,2,10,2,9,360,23,180,NA
"24","Placostylus mbengensis",2390021,"CR","B1ab(iii)","20","20",NA,1,4,10,1,9,360,24,360,NA
"25","Priceconcha tuvuthaensis",2390808,"CR","B1ab(iii)","13.3","13.3",NA,1,4,10,1,9,360,25,360,NA
"26","Trochomorpha tuvuthae",2394924,"CR","B1ab(iii)",NA,"13.3",NA,1,4,10,1,9,360,26,360,NA
"27","Metrosideros ochrantha",99514251,"CR","B1ab(iii)+2ab(iii)","4","4-99",NA,1,4,10,1,9,360,27,360,NA
"28","Gardenia candida",99514283,"CR","B1ab(iii)","16","16",NA,1,4,10,1,9,360,28,360,NA
"29","Astronidium pallidiflorum",99515101,"CR","B1ab(iii)+2ab(iii)","4","4",NA,1,4,10,1,9,360,29,360,NA
"30","Cyrtandra tempestii",99515161,"CR","B1ab(iii)+2ab(iii)","4","4",NA,1,4,10,1,9,360,30,360,NA
"31","Cyrtandra taviunensis",99515249,"CR","B1ab(iii)+2ab(iii)","4","4",NA,1,4,10,1,9,360,31,360,NA
"32","Cyrtandra spathacea",99515369,"CR","B1ab(iii)+2ab(iii)","4","4",NA,1,4,10,1,9,360,32,360,NA
"33","Astronidium kasiense",99516235,"CR","B1ab(iii)+2ab(iii)","4","4",NA,1,4,10,1,9,360,33,360,NA
"34","Aglaia unifolia",99517204,"CR","B1ab(iii)+2ab(iii)","4","4",NA,1,4,10,1,9,360,34,360,NA
"35","Aglaia evansensis",99517343,"CR","B1ab(iii)+2ab(iii)","4","4",NA,1,4,10,1,9,360,35,360,NA
"36","Terminalia vitiensis",99550735,"CR","B1ab(iii)+2ab(iii)","4","4",NA,1,4,10,1,9,360,36,360,NA
"37","Terminalia luteola",99550740,"CR","B1ab(iii)+2ab(iii)","4","4",NA,1,4,10,1,9,360,37,360,NA
"38","Psychotria volii",146682667,"CR","B1ab(iii)+2ab(iii)","4-44","4-22.43",NA,1,4,10,1,9,360,38,360,NA
"39","Litsea alleniana",153622988,"CR","B1ab(iii)+2ab(iii)","4","4",NA,1,4,10,1,9,360,39,360,NA
"40","Litsea hornei",153622998,"CR","B1ab(iii)+2ab(iii)","8","8-100",NA,1,4,10,1,9,360,40,360,NA
"41","Litsea mathuataensis",153623003,"CR","B1ab(iii)+2ab(iii)","4","4",NA,1,4,10,1,9,360,41,360,NA
"42","Litsea burckelloides",153623193,"CR","B1ab(iii)+2ab(iii)","4","4",NA,1,4,10,1,9,360,42,360,NA
"43","Cyclophyllum rectinervium",158600256,"CR","B1ab(iii)+2ab(iii)","4","4",NA,1,4,10,1,9,360,43,360,NA
"44","Elaeocarpus chionanthus",158600281,"CR","B1ab(iii)+2ab(iii)","4","4",NA,1,4,10,1,9,360,44,360,NA
"45","Elaeocarpus kambi",158600286,"CR","B1ab(iii)+2ab(iii)","4","4",NA,1,4,10,1,9,360,45,360,NA
"46","Cryptocarya lancifolia",159443987,"CR","B2ab(iii)","8",NA,NA,1,4,10,1,9,360,46,360,NA
"47","Maafu thaumasius",176630348,"CR","B1ab(iii)","12","12.84",NA,1,4,10,1,9,360,47,360,NA
"48","Sinployea navutuenis",177156787,"CR","B1ab(iii)+2ab(iii)","4","6",NA,1,4,10,1,9,360,48,360,NA
"49","Thaumatodon corrugata",177245626,"CR","B1ab(iii)","17","22",NA,1,4,10,1,9,360,49,360,NA
"50","Vatusila kondoi",177288505,"CR","B1ab(iii)","12.84","12.84",NA,1,4,10,1,9,360,50,360,NA
"51","Vatusila nayauana",177289489,"CR","B1ab(iii)","13","13",NA,1,4,10,1,9,360,51,360,NA
"52","Casearia angustifolia",241274558,"CR","B1ab(iii)+2ab(iii)","4","4",NA,1,4,10,1,9,360,52,360,NA
"53","Antidesma trichophyllum",241274578,"CR","B1ab(iii)+2ab(iii)","4","4",NA,1,4,10,1,9,360,53,360,NA
"54","Antidesma pacificum",241274588,"CR","B2ab(iii)","8",NA,NA,1,4,10,1,9,360,54,360,NA
"55","Huberantha capillata",241274778,"CR","B1ab(iii)+2ab(iii)","4","4",NA,1,4,10,1,9,360,55,360,NA
"56","Ixora myrsinoides",241274828,"CR","B1ab(iii)+2ab(iii)","4","4",NA,1,4,10,1,9,360,56,360,NA
"57","Glochidion euryoides",241275139,"CR","B1ab(iii)+2ab(iii)","4","4",NA,1,4,10,1,9,360,57,360,NA
"58","Glochidion melvilleorum",241275159,"CR","B1ab(iii)+2ab(iii)","4","4",NA,1,4,10,1,9,360,58,360,NA
"59","Meiogyne insularis",241275318,"CR","B1ab(iii)+2ab(iii)","4","4",NA,1,4,10,1,9,360,59,360,NA
"60","Melicope flaviflora",241275328,"CR","B1ab(iii)+2ab(iii)","4","4",NA,1,4,10,1,9,360,60,360,NA
"61","Melochia roseiflora",241275378,"CR","B1ab(iii)+2ab(iii)","4","4",NA,1,4,10,1,9,360,61,360,NA
"62","Myrsine crassiramea",241275398,"CR","B1ab(iii)+2ab(iii)","4","4",NA,1,4,10,1,9,360,62,360,NA
"63","Psychotria araiosantha",241275528,"CR","B1ab(iii)+2ab(iii)","4","4",NA,1,4,10,1,9,360,63,360,NA
"64","Psychotria aurantiocarpa",241275548,"CR","B1ab(iii)+2ab(iii)","4","4",NA,1,4,10,1,9,360,64,360,NA
"65","Psychotria brachythrix",241275558,"CR","B1ab(iii)+2ab(iii)","4","4",NA,1,4,10,1,9,360,65,360,NA
"66","Psychotria gracilior",241275668,"CR","B1ab(iii)+2ab(iii)","4","4",NA,1,4,10,1,9,360,66,360,NA
"67","Psychotria griseifolia",241275678,"CR","B1ab(iii)+2ab(iii)","4","4",NA,1,4,10,1,9,360,67,360,NA
"68","Psychotria monocarpa",241275778,"CR","B1ab(iii)+2ab(iii)","4","4",NA,1,4,10,1,9,360,68,360,NA
"69","Psychotria podantha",241275838,"CR","B1ab(iii)+2ab(iii)","4","4",NA,1,4,10,1,9,360,69,360,NA
"70","Psychotria stenantha",241275878,"CR","B1ab(iii)+2ab(iii)","4","4",NA,1,4,10,1,9,360,70,360,NA
"71","Psychotria timonioides",241275928,"CR","B1ab(iii)+2ab(iii)","4-8","4-100",NA,1,4,10,1,9,360,71,360,NA
"72","Psychotria valleculata",241275971,"CR","B1ab(iii)+2ab(iii)","4","4",NA,1,4,10,1,9,360,72,360,NA
"73","Terminalia simulans",241276141,"CR","B1ab(iii)+2ab(iii)","4","4",NA,1,4,10,1,9,360,73,360,NA
"74","Terminalia strigillosa",241276151,"CR","B1ab(iii)+2ab(iii)","4","4",NA,1,4,10,1,9,360,74,360,NA
"75","Xylopia degeneri",241276171,"CR","B1ab(iii)+2ab(iii)","4","4",NA,1,4,10,1,9,360,75,360,NA
"76","Zanthoxylum myrianthum",241276201,"CR","B1ab(iii)+2ab(iii)","0-4","0-4",NA,1,4,10,1,9,360,76,360,NA
"77","Allophylus umbrinus",241276251,"CR","B1ab(iii)+2ab(iii)","0-4","0-4",NA,1,4,10,1,9,360,77,360,NA
"78","Casearia pubipes",241276301,"CR","B1ab(iii)+2ab(iii)","4","4",NA,1,4,10,1,9,360,78,360,NA
"79","Psychotria scitula",241276590,"CR","B1ab(iii)+2ab(iii)","4","4",NA,1,4,10,1,9,360,79,360,NA
"80","Psychotria leptantha",241276630,"CR","B1ab(iii)+2ab(iii)","4","4",NA,1,4,10,1,9,360,80,360,NA
"81","Psychotria ampullacea",241276640,"CR","B1ab(iii)+2ab(iii)","4","4",NA,1,4,10,1,9,360,81,360,NA
"82","Melicope seemannii",241276650,"CR","B1ab(iii)+2ab(iii)","4","4",NA,1,4,10,1,9,360,82,360,NA
"83","Antidesma insulare",241276874,"CR","B1ab(iii)+2ab(iii)","4","4",NA,1,4,10,1,9,360,83,360,NA
"84","Manilkara vitiensis",142335136,"EN","B2ab(iii); D","16","22066","250",1,2,10,2,8,320,84,160,NA
"85","Brachylophus bulabula",1414101,"EN","A2bce+4bce","100-4000","4000-10000",NA,2,2,5,6,5,300,85,60,NA
"86","Brachylophus fasciatus",2791124,"EN","A2abce+4abce",NA,NA,"8000-22000,12000",2,2,5,6,5,300,86,60,NA
"87","Santalum yasi",99550705,"EN","A2cd+3d+4cd",NA,NA,NA,2,2,5,6,5,300,87,60,NA
"88","Ogmodon vitianus",569642,"EN","B1ab(iii)",NA,"4000",NA,1,2,10,2,6,240,88,120,NA
"89","Placostylus graeffei",2388966,"EN","B1ab(iii)",NA,"2000",NA,1,2,10,2,6,240,89,120,NA
"90","Placostylus hoyti",2389403,"EN","B1ab(iii)",NA,"176",NA,1,2,10,2,6,240,90,120,NA
"91","Emoia campbelli",2464706,"EN","B1ab(iii)",NA,"100-4999",NA,1,2,10,2,6,240,91,120,NA
"92","Emoia mokosariniveikau",2466062,"EN","B1ab(iii)+2ab(iii)","10-499","100-4999",NA,1,2,10,2,6,240,92,120,NA
"93","Croton metallicus",146682647,"EN","B2ab(iii)","24","44410","250-2499",1,2,10,2,6,240,93,120,NA
"94","Homalium laurifolium",146682652,"EN","C2a(i)","28","6683","1000-2499",1,2,10,2,6,240,94,120,NA
"95","Dacrydium nausoriense",150289313,"EN","B2ab(i,ii,iii,v)","12-20",NA,NA,1,2,10,2,6,240,95,120,NA
"96","Xixuthrus terribilis",203284909,"EN","B1ab(i,ii,iii,v)+2ab(i,ii,iii,v)","24-28","1083-3336",NA,1,2,10,2,6,240,96,120,NA
"97","Xixuthrus heros",203285529,"EN","B1ab(i,ii,iii,v)+2ab(i,ii,iii,v)","40","1455",NA,1,2,10,2,6,240,97,120,NA
"98","Xixuthrus ganglbaueri",203285542,"EN","B2ab(i,ii,iii,v)","20-24",NA,NA,1,2,10,2,6,240,98,120,NA
"99","Astronidium lepidotum",99515583,"CR","D","0-4","0-4","0-49",1,4,10,0.5,10,200,99,400,NA
"100","Psychotria tetragonoides",241275918,"CR","D","0-4","0-4","0-49",1,4,10,0.5,10,200,100,400,NA
"101","Succinea rotumana",1495957,"CR","B1ab(ii,iii)","25","45",NA,1,4,10,0.5,9,180,101,360,NA
"102","Placostylus koroensis",1497554,"CR","B1ab(ii,iii)","61","61",NA,1,4,10,0.5,9,180,102,360,NA
"103","Gonatorhaphe lauensis",2384600,"CR","B1ab(ii,iii)","17","22",NA,1,4,10,0.5,9,180,103,360,NA
"104","Omphalotropis ingens",2386580,"CR","B1ab(ii,iii)+2ab(ii,iii)","4.48","4.48",NA,1,4,10,0.5,9,180,104,360,NA
"105","Trochomorpha moalensis",2394223,"CR","B1ab(ii,iii)","20","64",NA,1,4,10,0.5,9,180,105,360,NA
"106","Balaka microcarpa",2869058,"CR","B1ab(ii,iii)+2ab(ii,iii)","8","10",NA,1,4,10,0.5,9,180,106,360,NA
"107","Neoveitchia storckii",2881085,"EN","B1ab(iii)",NA,"65",NA,1,2,10,1,9,180,107,180,NA
"108","Cyrtandra denhamii",99515219,"CR","B1ab(i,iii)",NA,"1-100",NA,1,4,10,0.5,9,180,108,360,NA
"109","Neuburgia alata",99515889,"EN","B1ab(iii)+2ab(iii)","16.000","60.483",NA,1,2,10,1,9,180,109,180,NA
"110","Astronidium inflatum",99516043,"EN","B1ab(iii)+2ab(iii)","8-500","100-5000",NA,1,2,10,1,9,180,110,180,NA
"111","Aglaia fragilis",99517375,"EN","B1ab(iii)+2ab(iii)","8-500","100-5000",NA,1,2,10,1,9,180,111,180,NA
"112","Cyrtandra natewaensis",99517545,"EN","B2ab(iii)","8-500",NA,NA,1,2,10,1,9,180,112,180,NA
"113","Acacia mathuataensis",99517641,"EN","B2ab(iii)","4-499",NA,"251-499",1,2,10,1,9,180,113,180,NA
"114","Turrillia vitiensis",113310195,"VU","C1","84","22122","9999",1,1,10,3,6,180,114,60,NA
"115","Tarenna joskei",158600481,"EN","B1ab(iii)+2ab(iii)","8-500","100-5000",NA,1,2,10,1,9,180,115,180,NA
"116","Delos gardineri",176232042,"CR","B1ab(i,ii,iii)+2ab(i,ii,iii)","9.8","45",NA,1,4,10,0.5,9,180,116,360,NA
"117","Lauopa mbalavuana",176540358,"CR","B1ab(ii,iii)","26","52.5",NA,1,4,10,0.5,9,180,117,360,NA
"118","Sinployea angularis",177156088,"CR","B1ab(ii,iii)","10","13",NA,1,4,10,0.5,9,180,118,360,NA
"119","Thaumatodon spirrhymatum",177246312,"CR","B1ab(ii,iii)+2ab(ii,iii)","4","34",NA,1,4,10,0.5,9,180,119,360,NA
"120","Trochomorpha kambarae",177256743,"CR","B1ab(ii,iii)","20","31.5",NA,1,4,10,0.5,9,180,120,360,NA
"121","Trochomorpha planoconus",177258963,"CR","B1ab(ii,iii)+2ab(ii,iii)","9","30",NA,1,4,10,0.5,9,180,121,360,NA
"122","Cyrtandra esothrix",241274596,"EN","B1ab(iii)+2ab(iii)","8-500","100-5000",NA,1,2,10,1,9,180,122,180,NA
"123","Cleistanthus micranthus",241274626,"EN","B1ab(iii)+2ab(iii)","8-500","100-5000",NA,1,2,10,1,9,180,123,180,NA
"124","Cyrtandra xanthantha",241274676,"EN","B1ab(iii)+2ab(iii)","8-500","100-5000",NA,1,2,10,1,9,180,124,180,NA
"125","Dysoxylum myriandrum",241274692,"EN","B1ab(iii)+2ab(iii)","8-500","100-5000",NA,1,2,10,1,9,180,125,180,NA
"126","Gardenia anapetes",241274700,"EN","B1ab(iii)+2ab(iii)","8-500","100-5000",NA,1,2,10,1,9,180,126,180,NA
"127","Ixora richardi-longii",241274848,"EN","B1ab(iii)+2ab(iii)","8-500","100-5000",NA,1,2,10,1,9,180,127,180,NA
"128","Ixora tubiflora",241274858,"EN","B1ab(iii)+2ab(iii)","8-500","100-5000",NA,1,2,10,1,9,180,128,180,NA
"129","Psychotria cordata",241274960,"EN","B1ab(iii)+2ab(iii)","8-500","100-5000",NA,1,2,10,1,9,180,129,180,NA
"130","Elattostachys venosus",241275009,"EN","B2ab(iii)","8-500",NA,NA,1,2,10,1,9,180,130,180,NA
"131","Eumachia incompta",241275019,"EN","B1ab(iii)+2ab(iii)","8-500","100-5000",NA,1,2,10,1,9,180,131,180,NA
"132","Eurya greenwoodii",241275029,"EN","B1ab(iii)+2ab(iii)","8-500","100-5000",NA,1,2,10,1,9,180,132,180,NA
"133","Glochidion multilobum",241275169,"EN","B1ab(iii)+2ab(iii)","8-500","100-5000",NA,1,2,10,1,9,180,133,180,NA
"134","Melicope homoeophylla",241275338,"EN","B1ab(iii)+2ab(iii)","8-500","100-5000",NA,1,2,10,1,9,180,134,180,NA
"135","Melochia longepetiolata",241275358,"EN","B1ab(iii)+2ab(iii)","8-500","100-5000",NA,1,2,10,1,9,180,135,180,NA
"136","Myrsine polyantha",241275418,"EN","B1ab(iii)+2ab(iii)","8-500","100-5000",NA,1,2,10,1,9,180,136,180,NA
"137","Phaleria ixoroides",241275448,"EN","B1ab(iii)+2ab(iii)","8-500","100-5000",NA,1,2,10,1,9,180,137,180,NA
"138","Phyllanthus smithianus",241275478,"EN","B1ab(iii)+2ab(iii)","8-500","100-5000",NA,1,2,10,1,9,180,138,180,NA
"139","Phyllanthus wilkesianus",241275488,"EN","B1ab(iii)+2ab(iii)","8-500","100-5000",NA,1,2,10,1,9,180,139,180,NA
"140","Psychotria magnifica",241275768,"EN","B1ab(iii)+2ab(iii)","8-500","100-5000",NA,1,2,10,1,9,180,140,180,NA
"141","Psychotria tomaniviensis",241275938,"EN","B1ab(iii)+2ab(iii)","8-500","100-5000",NA,1,2,10,1,9,180,141,180,NA
"142","Zanthoxylum gillespieanum",241276191,"EN","B1ab(iii)+2ab(iii)","8-500","100-5000",NA,1,2,10,1,9,180,142,180,NA
"143","Elaeocarpus xanthodactylus",241276411,"EN","B2ab(iii)","8-500",NA,NA,1,2,10,1,9,180,143,180,NA
"144","Drypetes pacifica",241276520,"EN","B1ab(iii)+2ab(iii)","8-500","100-5000",NA,1,2,10,1,9,180,144,180,NA
"145","Psychotria levuensis",241276610,"EN","B1ab(iii)+2ab(iii)","8-500","100-5000",NA,1,2,10,1,9,180,145,180,NA
"146","Discocalyx crinita",241276756,"EN","B1ab(iii)+2ab(iii)","8-500","100-5000",NA,1,2,10,1,9,180,146,180,NA
"147","Dysoxylum aliquantulum",241276765,"EN","B1ab(iii)+2ab(iii)","8-500","100-5000",NA,1,2,10,1,9,180,147,180,NA
"148","Acsmithia vitiense",99515795,"EN","B2ab(iii); D","40","13913","200",1,2,10,1,8,160,148,160,NA
"149","Burckella richii",129337478,"EN","D","20","82049","100-249",2,2,5,2,8,160,149,80,NA
"150","Diospyros phlebodes",1398994,"VU","C2a(i)","80","73305","2500-4999",1,1,10,2,6,120,150,60,NA
"151","Partula lanceolata",2388572,"EN","B1ab(iii)+2ab(iii)","52","918",NA,1,2,10,1,6,120,151,120,NA
"152","Partula lirata",2388611,"EN","B2ab(iii)","200","12480-14000",NA,1,2,10,1,6,120,152,120,NA
"153","Placostylus kantavuensis",2389624,"EN","B1ab(iii)+2ab(iii)","308","308",NA,1,2,10,1,6,120,153,120,NA
"154","Placostylus malleatus",2389817,"VU","B1ab(ii,iii)","6079","6079",NA,1,1,10,2,6,120,154,60,NA
"155","Placostylus ochrostoma",2390324,"EN","B1ab(iii)","2800","2800",NA,1,2,10,1,6,120,155,120,NA
"156","Placostylus seemanni",2390488,"EN","B1ab(iii)+2ab(iii)","308","408",NA,1,2,10,1,6,120,156,120,NA
"157","Emoia parkeri",2466441,"VU","B1ab(iii,v)",NA,"12000",NA,1,1,10,2,6,120,157,60,NA
"158","Samoana alabastrina",2539046,"EN","B1ab(iii)+2ab(iii)","80","1690",NA,1,2,10,1,6,120,158,120,NA
"159","Balaka macrocarpa",2868990,"EN","B1ab(iii)",NA,"301",NA,1,2,10,1,6,120,159,120,NA
"160","Heterospathe longipes",2885772,"EN","B1ab(iii)",NA,"440",NA,1,2,10,1,6,120,160,120,NA
"161","Nesobasis caerulecaudata",83375010,"VU","B1ab(iii,iv)+2ab(iii,iv)","40-100","683-1996",NA,1,1,10,2,6,120,161,60,NA
"162","Weinmannia vitiensis",99514217,"EN","B2ab(iii)","12-500",NA,NA,1,2,10,1,6,120,162,120,NA
"163","Gardenia grievei",99514345,"EN","B1ab(iii)+2ab(iii)","20-500","100-5000",NA,1,2,10,1,6,120,163,120,NA
"164","Gardenia hillii",99514379,"EN","B2ab(iii)","20-500",NA,NA,1,2,10,1,6,120,164,120,NA
"165","Gardenia vitiensis",99514473,"EN","B1ab(iii)+2ab(iii)","12-500","100-5000",NA,1,2,10,1,6,120,165,120,NA
"166","Astronidium degeneri",99516075,"EN","B1ab(iii)+2ab(iii)","12-500","100-5000",NA,1,2,10,1,6,120,166,120,NA
"167","Astronidium macranthum",99516107,"EN","B1ab(iii)+2ab(iii)","16-500","100-5000",NA,1,2,10,1,6,120,167,120,NA
"168","Aglaia amplexicaulis",99517236,"EN","B1ab(iii)+2ab(iii)","12-500","100-5000",NA,1,2,10,1,6,120,168,120,NA
"169","Maesa pickeringii",99550770,"VU","B1ab(iii)+2ab(iii)","44","3996","2499",1,1,10,2,6,120,169,60,NA
"170","Barringtonia seaturae",99845285,"VU","B1ab(iii); D1",NA,"8077","500-1000",1,1,10,2,6,120,170,60,NA
"171","Medusanthera howardii",122659197,"EN","B1ab(iii)+2ab(iii)","16","3929",NA,1,2,10,1,6,120,171,120,NA
"172","Burckella hillii",129337443,"EN","B2ab(iii)","20-500",NA,NA,1,2,10,1,6,120,172,120,NA
"173","Burckella parvifolia",129337463,"EN","B1ab(iii)+2ab(iii)","16-500","100-5000",NA,1,2,10,1,6,120,173,120,NA
"174","Buchanania vitiensis",146682642,"VU","C2a(i)","60","48298","9999",1,1,10,2,6,120,174,60,NA
"175","Litsea seemannii",153623188,"EN","B2ab(iii)","20",NA,NA,1,2,10,1,6,120,175,120,NA
"176","Benstonea thurstonii",158499939,"EN","B2ab(iii)","16-500",NA,NA,1,2,10,1,6,120,176,120,NA
"177","Excoecaria confertiflora",158600311,"EN","B1ab(iii)+2ab(iii)","12-500","100-5000",NA,1,2,10,1,6,120,177,120,NA
"178","Cryptocarya constricta",159443862,"EN","B1ab(iii)+2ab(iii)","20-500","3000",NA,1,2,10,1,6,120,178,120,NA
"179","Cryptocarya parinarioides",159444092,"EN","B1ab(iii)+2ab(iii)","16","100-5000",NA,1,2,10,1,6,120,179,120,NA
"180","Endiandra trichotosa",162779550,"EN","B2ab(iii)","16",NA,NA,1,2,10,1,6,120,180,120,NA
"181","Placostylus guanensis",176950423,"EN","B1ab(iii)+2ab(iii)","52","140",NA,1,2,10,1,6,120,181,120,NA
"182","Sinployea princei",177157678,"EN","B1ab(iii)+2ab(iii)","130","436",NA,1,2,10,1,6,120,182,120,NA
"183","Erythrura kleinschmidti",226270060,"VU","C2a(ii)",NA,"5800","2500-9999",1,1,10,2,6,120,183,60,NA
"184","Lamprolia klinesmithi",226684147,"VU","C2a(ii)","356","356","3000-5000",1,1,10,2,6,120,184,60,NA
"185","Ixora greenwoodiana",241274808,"EN","B1ab(iii)+2ab(iii)","12-500","100-5000",NA,1,2,10,1,6,120,185,120,NA
"186","Serianthes vitiensis",241274989,"EN","B1ab(iii)+2ab(iii)","12-500","100-5000",NA,1,2,10,1,6,120,186,120,NA
"187","Gillespiea speciosa",241275069,"EN","B1ab(iii)+2ab(iii)","12-500","100-5000",NA,1,2,10,1,6,120,187,120,NA
"188","Glochidion brunnescens",241275119,"EN","B1ab(iii)+2ab(iii)","16-500","100-5000",NA,1,2,10,1,6,120,188,120,NA
"189","Ixora bullata",241275199,"EN","B1ab(iii)+2ab(iii)","12-500","100-5000",NA,1,2,10,1,6,120,189,120,NA
"190","Ixora pubifolia",241275238,"EN","B1ab(iii)+2ab(iii)","12-500","100-5000",NA,1,2,10,1,6,120,190,120,NA
"191","Mastixiodendron pilosum",241275288,"EN","B1ab(iii)+2ab(iii)","12-500","100-5000",NA,1,2,10,1,6,120,191,120,NA
"192","Melicope taveuniensis",241275348,"EN","B1ab(iii)+2ab(iii)","20-500","100-5000",NA,1,2,10,1,6,120,192,120,NA
"193","Melochia mollipila",241275368,"EN","B1ab(iii)+2ab(iii)","20-500","100-5000",NA,1,2,10,1,6,120,193,120,NA
"194","Phaleria angustifolia",241275438,"EN","B1ab(iii)+2ab(iii)","12-500","100-5000",NA,1,2,10,1,6,120,194,120,NA
"195","Psychotria pachyantha",241275798,"EN","B1ab(iii)+2ab(iii)","12-500","100-5000",NA,1,2,10,1,6,120,195,120,NA
"196","Psychotria pubiflora",241275868,"EN","B1ab(iii)+2ab(iii)","20-500","100-5000",NA,1,2,10,1,6,120,196,120,NA
"197","Tapeinosperma chloranthum",241276031,"EN","B1ab(iii)+2ab(iii)","16-500","100-5000",NA,1,2,10,1,6,120,197,120,NA
"198","Terminalia capitanea",241276101,"EN","B1ab(iii)+2ab(iii)","20-500","100-5000",NA,1,2,10,1,6,120,198,120,NA
"199","Terminalia crebrifolia",241276111,"EN","B1ab(iii)+2ab(iii)","20-500","100-5000",NA,1,2,10,1,6,120,199,120,NA
"200","Aidia vitiensis",241276211,"EN","B1ab(iii)+2ab(iii)","20-500","100-5000",NA,1,2,10,1,6,120,200,120,NA
"201","Austrobuxus horneanus",241276281,"EN","B1ab(iii)+2ab(iii)","20-500","100-5000",NA,1,2,10,1,6,120,201,120,NA
"202","Berrya pacifica",241276291,"EN","B2ab(iii)","12-500",NA,NA,1,2,10,1,6,120,202,120,NA
"203","Cyrtandra harveyi",241276688,"EN","B1ab(iii)+2ab(iii)","20-500","100-5000",NA,1,2,10,1,6,120,203,120,NA
"204","Cossinia pacifica",241276724,"EN","B1ab(iii)+2ab(iii)","16-500","100-5000",NA,1,2,10,1,6,120,204,120,NA
"205","Discocalyx amplifolia",241276748,"EN","B2ab(iii)","12-500",NA,NA,1,2,10,1,6,120,205,120,NA
"206","Casearia stenophylla",241276799,"EN","B1ab(iii)+2ab(iii)","16-500","100-5000",NA,1,2,10,1,6,120,206,120,NA
"207","Casearia parhamii",241276824,"EN","B1ab(iii)+2ab(iii)","16-500","100-5000",NA,1,2,10,1,6,120,207,120,NA
"208","Casearia longifolia",241276834,"EN","B1ab(iii)+2ab(iii)","12-500","100-5000",NA,1,2,10,1,6,120,208,120,NA
"209","Emoia trossula",2467661,"EN","B1ab(iii,v)",NA,"4999",NA,2,2,5,2,5,100,209,50,NA
"210","Mops bregullae",209550994,"EN","B2ab(iii)","400-500",NA,"5000-7000",2,2,5,2,5,100,210,50,NA
"211","Heterospathe phillipsii",1494228,"EN","B1ab(i,ii,iii)+2ab(i,ii,iii)","12","20",NA,1,2,10,0.5,9,90,211,180,NA
"212","Sinployea rotumana",177158523,"EN","B1ab(ii,iii)+2ab(ii,iii)","9","45",NA,1,2,10,0.5,9,90,212,180,NA
"213","Thaumatodon subdaedalea",177248254,"EN","B1ab(ii,iii)",NA,"74.2",NA,1,2,10,0.5,9,90,213,180,NA
"214","Trochomorpha albostriata",177255353,"EN","B1ab(ii,iii)+2ab(ii,iii)","54","81",NA,1,2,10,0.5,9,90,214,180,NA
"215","Trochomorpha transarata",177260974,"EN","B1ab(ii,iii)+2ab(ii,iii)","43","74",NA,1,2,10,0.5,9,90,215,180,NA
"216","Notopteris macdonaldii",22023433,"VU","C1",NA,NA,"8000-10000",2,1,5,3,5,75,216,25,NA
"217","Tridacna mbalavuana",119167307,"EN","B2ab(ii,iv,v); C2a(i)","76","382043","2100",3,2,3.33333333333333,2,5,66.6666666666667,217,33.3333333333333,NA
"218","Diancta macrostoma",2383429,"VU","B1ab(iii)","4500","4500",NA,1,1,10,1,6,60,218,60,NA
"219","Fijiopoma liberata",2384279,"EN","B1ab(ii,iii)+2ab(ii,iii)","25-500","2213",NA,1,2,10,0.5,6,60,219,120,NA
"220","Gonatorhaphe stricta",2384750,"EN","B2ab(ii,iii)","100.5",NA,NA,1,2,10,0.5,6,60,220,120,NA
"221","Palaina pomatiaeformis",2385932,"EN","B1ab(ii,iii)+2ab(ii,iii)","200","402",NA,1,2,10,0.5,6,60,221,120,NA
"222","Palaina taviensis",2388306,"EN","B2ab(ii,iii)","130",NA,NA,1,2,10,0.5,6,60,222,120,NA
"223","Placostylus elobatus",2388650,"VU","B1ab(iii)",NA,"16220",NA,1,1,10,1,6,60,223,60,NA
"224","Lepidodactylus manni",2462315,"VU","B1ab(iii)",NA,"10900",NA,1,1,10,1,6,60,224,60,NA
"225","Cyrtandra coleoides",99515193,"VU","B2ab(iii)","500-2000",NA,NA,1,1,10,1,6,60,225,60,NA
"226","Excoecaria acuminata",99752087,"VU","B1ab(iii)+2ab(iii)","24","6490",NA,1,1,10,1,6,60,226,60,NA
"227","Turrillia ferruginea",113309940,"VU","B1ab(iii)+2ab(iii)","24-2000","8264",NA,1,1,10,1,6,60,227,60,NA
"228","Papilio natewa",151579117,"VU","B1ab(iii)",NA,"100-800",NA,1,1,10,1,6,60,228,60,NA
"229","Calycosia lageniformis",158499959,"VU","B1ab(iii)+2ab(iii)","500-2000","5000-20000",NA,1,1,10,1,6,60,229,60,NA
"230","Hedstromia latifolia",158600361,"VU","B1ab(iii)+2ab(iii)","500-2000","5000-20000",NA,1,1,10,1,6,60,230,60,NA
"231","Ixora nandarivatensis",158600381,"VU","B1ab(iii)+2ab(iii)","500-2000","5000-20000",NA,1,1,10,1,6,60,231,60,NA
"232","Cryptocarya turrilliana",170055732,"VU","B1ab(iii)+2ab(iii)","24","2697",NA,1,1,10,1,6,60,232,60,NA
"233","Ba humbugi",176082245,"EN","B1ab(ii,iii)+2ab(ii,iii)","12","1392",NA,1,2,10,0.5,6,60,233,120,NA
"234","Gonatorhaphe intercostata",176395297,"EN","B1ab(ii,iii)+2ab(ii,iii)","43","123",NA,1,2,10,0.5,6,60,234,120,NA
"235","Nesobasis caerulescens",176661919,"EN","B1ab(iii,iv,v)+2ab(iii,iv,v)","20","843-2498",NA,1,2,10,0.5,6,60,235,120,NA
"236","Omphalotropis subsoluta",176822837,"EN","B1ab(ii,iii)+2ab(ii,iii)","12.7","113",NA,1,2,10,0.5,6,60,236,120,NA
"237","Trochomorpha tavinniensis",177259709,"EN","B1ab(ii,iii)+2ab(ii,iii)","30","436",NA,1,2,10,0.5,6,60,237,120,NA
"238","Croton heterotrichus",241274646,"VU","B1ab(iii)+2ab(iii)","500-2000","5000-20000",NA,1,1,10,1,6,60,238,60,NA
"239","Ixora arestantha",241275189,"VU","B1ab(iii)+2ab(iii)","500-2000","5000-20000",NA,1,1,10,1,6,60,239,60,NA
"240","Macaranga caesariata",241275268,"VU","B1ab(iii)+2ab(iii)","500-2000","5000-20000",NA,1,1,10,1,6,60,240,60,NA
"241","Meiogyne amygdalina",241275298,"VU","B1ab(iii)+2ab(iii)","500-2000","5000-20000",NA,1,1,10,1,6,60,241,60,NA
"242","Psychotria macrocalyx",241275758,"VU","B1ab(iii)+2ab(iii)","500-2000","5000-20000",NA,1,1,10,1,6,60,242,60,NA
"243","Psychotria pittosporifolia",241275818,"VU","B1ab(iii)+2ab(iii)","500-2000","5000-20000",NA,1,1,10,1,6,60,243,60,NA
"244","Melicope robusta",241276660,"VU","B1ab(iii)+2ab(iii)","500-2000","5000-20000",NA,1,1,10,1,6,60,244,60,NA
"245","Canarium vanikoroense",197649141,"EN","B2ab(iii)","12","451389.582",NA,3,2,3.33333333333333,2,4,53.3333333333333,245,26.6666666666667,NA
"246","Provanna buccinoides",157787089,"EN","B2ab(iii)","12","113565.927",NA,2,2,5,1,5,50,246,50,NA
"247","Fijianella calciphila",2383770,"VU","D2","3.3","3.3",NA,1,1,10,0.5,9,45,247,90,NA
"248","Fijianella cornucopia",2383908,"VU","D2","1.5","1.5",NA,1,1,10,0.5,9,45,248,90,NA
"249","Sinployea lauenis",2391657,"VU","B1ab(ii,iii)+2ab(ii,iii)","29.7","36.75",NA,1,1,10,0.5,9,45,249,90,NA
"250","Sinployea recursa",2392055,"VU","D2","7.2","7.2",NA,1,1,10,0.5,9,45,250,90,NA
"251","Thaumatodon laddi",2392487,"VU","D2","7.2","8.4",NA,1,1,10,0.5,9,45,251,90,NA
"252","Zyzzyxdonta alata",2395368,"VU","D2","1.54","1.54",NA,1,1,10,0.5,9,45,252,90,NA
"253","Bathymodiolus elongatus",2688298,"VU","D2","4","4",NA,1,1,10,0.5,9,45,253,90,NA
"254","Nesobasis ingens",83376350,"VU","D2","4","4",NA,1,1,10,0.5,9,45,254,90,NA
"255","Weinmannia spiraeoides",99514189,"VU","D2","4",NA,NA,1,1,10,0.5,9,45,255,90,NA
"256","Cyrtandra kandavuensis",99515339,"VU","D2","4","4",NA,1,1,10,0.5,9,45,256,90,NA
"257","Elaeocarpus degenerianus",99550720,"VU","D2","4",NA,NA,1,1,10,0.5,9,45,257,90,NA
"258","Elaeocarpus gillespieanus",99550725,"VU","D2","4",NA,NA,1,1,10,0.5,9,45,258,90,NA
"259","Melicope evansensis",99845055,"VU","D2",NA,"1-99",NA,1,1,10,0.5,9,45,259,90,NA
"260","Melochia parhamii",99845071,"VU","D2",NA,"1-100",NA,1,1,10,0.5,9,45,260,90,NA
"261","Elaeocarpus ampliflorus",99891286,"VU","D1","8","0","500-1000",1,1,10,0.5,9,45,261,90,NA
"262","Phymorhynchus hyfifluxi",157787059,"VU","D2","4","4",NA,1,1,10,0.5,9,45,262,90,NA
"263","Vetulonia phalcata",157857113,"VU","D2","4","4",NA,1,1,10,0.5,9,45,263,90,NA
"264","Xylodiscula major",157857123,"VU","D2","4","4",NA,1,1,10,0.5,9,45,264,90,NA
"265","Cryptocarya barbellata",159443787,"VU","D2","4","4-100",NA,1,1,10,0.5,9,45,265,90,NA
"266","Omphalotropis rosea",176822096,"VU","B1ab(ii,iii)+2ab(ii,iii)","40","74",NA,1,1,10,0.5,9,45,266,90,NA
"267","Phymorhynchus starmeri",195295893,"VU","D2","4","4",NA,1,1,10,0.5,9,45,267,90,NA
"268","Cycas seemannii",243420061,"VU","A4cd",NA,"1333715","10000-12000",4,1,2.5,4,4,40,268,10,NA
"269","Cyphosperma trichospadix",2870090,"VU","D2",NA,"267",NA,1,1,10,0.5,7,35,269,70,NA
"270","Hemicordulia tuiwawai",177959164,"VU","D2",NA,"283",NA,1,1,10,0.5,7,35,270,70,NA
"271","Echinophyllia tarae",219836758,"VU","A2bce",NA,NA,NA,5,1,2,4,4,32,271,8,NA
"272","Fijianella laddi",2384045,"VU","B2ab(ii,iii)","58",NA,NA,1,1,10,0.5,6,30,272,60,NA
"273","Lagivala minusculus",2384910,"VU","B1ab(ii,iii)","3958","5800",NA,1,1,10,0.5,6,30,273,60,NA
"274","Microcharopa mimula",2386064,"VU","B2ab(ii,iii)","1420","45187-200000",NA,1,1,10,0.5,6,30,274,60,NA
"275","Palaina godeffroyana",2387698,"VU","B1ab(ii,iii)",NA,"4000",NA,1,1,10,0.5,6,30,275,60,NA
"276","Palaina subregularis",2388162,"VU","B1ab(ii,iii)","3958","5336",NA,1,1,10,0.5,6,30,276,60,NA
"277","Sinployea adposita",2391000,"VU","B2ab(ii,iii)","47",NA,NA,1,1,10,0.5,6,30,277,60,NA
"278","Sinployea godeffroyana",2391262,"VU","B1ab(ii,iii)","3958","10388",NA,1,1,10,0.5,6,30,278,60,NA
"279","Sinployea inermis",2391362,"VU","B2ab(ii,iii)","88.5",NA,NA,1,1,10,0.5,6,30,279,60,NA
"280","Sinployea monstrosa",2391518,"VU","B1ab(ii,iii)","3174","10000",NA,1,1,10,0.5,6,30,280,60,NA
"281","Omphalotropis costulata",2607937,"VU","B1ab(ii,iii)+2ab(ii,iii)","44","5000",NA,1,1,10,0.5,6,30,281,60,NA
"282","Hydriastele vitiensis",2880299,"VU","B1ab(i,ii,iii)",NA,"4361",NA,1,1,10,0.5,6,30,282,60,NA
"283","Nikoulabasis malcolmi",83378945,"VU","B1ab(iii,iv)+2ab(iii,iv)","24-100","893-2000",NA,1,1,10,0.5,6,30,283,60,NA
"284","Storckiella vitiensis",99516585,"VU","D1",NA,NA,"250-1000",1,1,10,0.5,6,30,284,60,NA
"285","Pocillopora fungiformis",165945595,"EN","A3ce",NA,NA,NA,8,2,1.25,6,2,30,285,15,NA
"286","Fijiopoma diatreta",176382766,"VU","B2ab(ii,iii)","885",NA,NA,1,1,10,0.5,6,30,286,60,NA
"287","Lagivala vivus",176534683,"VU","B1ab(ii,iii)","3958","5800",NA,1,1,10,0.5,6,30,287,60,NA
"288","Omphalotropis longula",176820987,"VU","B2ab(ii,iii)","73",NA,NA,1,1,10,0.5,6,30,288,60,NA
"289","Trochomorpha abrochroa",177254231,"VU","B1ab(ii,iii)","4160","6426",NA,1,1,10,0.5,6,30,289,60,NA
"290","Emballonura semicaudata",22135085,"EN","A2abce",NA,NA,NA,9,2,1.11111111111111,6,2,26.6666666666667,290,13.3333333333333,NA
"291","Alviniconcha boucheti",145380584,"EN","B2ab(iii)","20","295717.761",NA,3,2,3.33333333333333,1,4,26.6666666666667,291,26.6666666666667,NA
"292","Alviniconcha kojimai",145380589,"EN","B2ab(iii)","20","363411.728",NA,3,2,3.33333333333333,1,4,26.6666666666667,292,26.6666666666667,NA
"293","Ifremeria nautilei",145380604,"EN","B2ab(iii)","32","432503.356",NA,3,2,3.33333333333333,1,4,26.6666666666667,293,26.6666666666667,NA
"294","Ouagapia perryi",176832032,"EN","B2ab(ii,iii)","187","396",NA,2,2,5,0.5,5,25,294,50,NA
"295","Acropora spathulata",165639490,"EN","A3ce",NA,NA,NA,10,2,1,6,2,24,295,12,NA
"296","Pocillopora capitata",165648805,"EN","A3ce",NA,NA,NA,10,2,1,6,2,24,296,12,NA
"297","Ixora calcicola",197649201,"EN","B2ab(iii)","20-2000","136768",NA,4,2,2.5,1,4,20,297,20,NA
"298","Padda oryzivora",183133210,"EN","C2a(i)",NA,"148000","1000-2499",11,2,0.909090909090909,2,5,18.1818181818182,298,9.09090909090909,NA
"299","Bathymodiolus brevior",2686572,"VU","D2","16","133842.222",NA,2,1,5,0.5,7,17.5,299,35,NA
"300","Pritchardia thurstonii",2881612,"VU","D2","16","38160",NA,2,1,5,0.5,7,17.5,300,35,NA
"301","Bruceiella globulus",157703240,"VU","D2","12","19926.645",NA,2,1,5,0.5,7,17.5,301,35,NA
"302","Desbruyeresia cancellata",157715739,"VU","D2","16","133842.222",NA,2,1,5,0.5,7,17.5,302,35,NA
"303","Nesofregetta fuliginosa",132649758,"EN","C2a(i)","500","32000000","250-999",15,2,0.666666666666667,2,6,16,303,8,NA
"304","Eumachia carnea",197649176,"VU","B2ab(iii)","20-2000","81291",NA,3,1,3.33333333333333,1,4,13.3333333333333,304,13.3333333333333,NA
"305","Psychotria leiophylla",197649246,"VU","B2ab(iii)","28-2000","407000",NA,3,1,3.33333333333333,1,4,13.3333333333333,305,13.3333333333333,NA
"306","Desbruyeresia spinosa",157715764,"VU","D2","16","1088193.793",NA,3,1,3.33333333333333,0.5,7,11.6666666666667,306,23.3333333333333,NA
"307","Aglaia saltatorum",10116013,"VU","A1c",NA,NA,NA,7,1,1.42857142857143,4,2,11.4285714285714,307,5.71428571428571,NA
"308","Pterodroma alba",183088698,"VU","A2bce; B2ab(ii,iv,v)","460","28800000","20000-30000",15,1,0.666666666666667,4,3,8,308,2.66666666666667,NA
"309","Pterodroma leucoptera",132615952,"VU","B2ab(ii,v); D2","20","152000000","2000-14000",21,1,0.476190476190476,2,7,6.66666666666667,309,3.33333333333333,NA
"310","Pterodroma brevipes",132617265,"VU","C2a(i);D1","140","35100000","670-6700",21,1,0.476190476190476,2,6,5.71428571428571,310,2.85714285714286,NA
"311","Agathis macrophylla",99515615,"VU","B2ab(ii,iii,v)","136-500","811728",NA,4,1,2.5,0.5,4,5,311,10,NA
"312","Tridacna derasa",119167048,"EN","A2acd","932","1951511",NA,27,2,0.37037037037037,6,1,4.44444444444444,312,4.44444444444444,NA
"313","Balaenoptera musculus",156923585,"EN","A1abd",NA,NA,"5000-15000",89,2,0.112359550561798,6,2,2.69662921348315,313,1.34831460674157,NA
"314","Diomedea exulans",132640680,"VU","A4bd","1900","128000000","20100",30,1,0.333333333333333,4,1,1.33333333333333,314,1.33333333333333,NA
"315","Birgus latro",126813586,"VU","A2cd+4cd","546-125329","81056813",NA,52,1,0.192307692307692,4,1,0.769230769230769,315,0.769230769230769,NA
"316","Geniostoma clavigerum",9627888,"CR","D",NA,NA,NA,1,4,10,0,10,0,NA,400,1
"317","Cincloramphus rufus",178598253,"EN","D",NA,"11000","50-249",1,2,10,0,9,0,NA,180,2
"318","Nesobasis recava",83376791,"VU","D2","12","12",NA,1,1,10,0,9,0,NA,90,3
"319","Myzomela chermesina",182414813,"VU","D2","100","100","10000-19999",1,1,10,0,7,0,NA,70,4
"320","Trochomorpha accurata",2392985,"VU","B1ab(ii,iii)","4160","4160",NA,1,1,10,0,6,0,NA,60,5
"321","Endospermum robbieanum",99550710,"VU","D1",NA,"2524","999",1,1,10,0,6,0,NA,60,6
"322","Acropora plumosa",165638309,"EN","A3ce",NA,NA,NA,11,2,0.909090909090909,6,0,0,NA,10.9090909090909,7
"323","Montipora palawanensis",165812738,"EN","A3ce",NA,NA,NA,11,2,0.909090909090909,6,0,0,NA,10.9090909090909,8
"324","Alveopora gigas",165922148,"EN","A3ce",NA,NA,NA,11,2,0.909090909090909,6,0,0,NA,10.9090909090909,9
"325","Tridacna gigas",119167161,"CR","A2acd","2028","8295968",NA,38,4,0.263157894736842,10,0,0,NA,10.5263157894737,10
"326","Montipora carinata",219836783,"EN","A3ce",NA,NA,NA,13,2,0.769230769230769,6,0,0,NA,9.23076923076923,11
"327","Acropora kimbeensis",165785672,"EN","A3ce",NA,NA,NA,14,2,0.714285714285714,6,0,0,NA,8.57142857142857,12
"328","Pocillopora zelli",165937264,"EN","A3ce",NA,NA,NA,15,2,0.666666666666667,6,0,0,NA,8,13
"329","Acropora lokani",165817711,"EN","A3ce",NA,NA,NA,17,2,0.588235294117647,6,0,0,NA,7.05882352941176,14
"330","Montipora confusa",165853431,"EN","A3ce",NA,NA,NA,17,2,0.588235294117647,6,0,0,NA,7.05882352941176,15
"331","Thalassarche impavida",132657209,"VU","D2","13","36100000","43296",10,1,1,0,7,0,NA,7,16
"332","Pocillopora kelleheri",165608701,"EN","A3ce",NA,NA,NA,18,2,0.555555555555556,6,0,0,NA,6.66666666666667,17
"333","Anacropora reticulata",166014493,"EN","A3ce",NA,NA,NA,18,2,0.555555555555556,6,0,0,NA,6.66666666666667,18
"334","Acropora abrolhosensis",110517562,"EN","A3ce",NA,NA,NA,19,2,0.526315789473684,6,0,0,NA,6.31578947368421,19
"335","Montipora altasepta",166017474,"EN","A3ce",NA,NA,NA,20,2,0.5,6,0,0,NA,6,20
"336","Acropora kirstyae",165710754,"EN","A3ce",NA,NA,NA,21,2,0.476190476190476,6,0,0,NA,5.71428571428571,21
"337","Alveopora ocellata",165840219,"EN","A3ce",NA,NA,NA,22,2,0.454545454545455,6,0,0,NA,5.45454545454545,22
"338","Acropora chesterfieldensis",165912070,"EN","A3ce",NA,NA,NA,22,2,0.454545454545455,6,0,0,NA,5.45454545454545,23
"339","Seriatopora aculeata",165933739,"EN","A3ce",NA,NA,NA,22,2,0.454545454545455,6,0,0,NA,5.45454545454545,24
"340","Acropora willisae",165636494,"EN","A3ce",NA,NA,NA,23,2,0.434782608695652,6,0,0,NA,5.21739130434783,25
"341","Ctenactis albitentaculata",165712038,"EN","A3c",NA,NA,NA,24,2,0.416666666666667,6,0,0,NA,5,26
"342","Montipora corbettensis",165856842,"EN","A3ce",NA,NA,NA,24,2,0.416666666666667,6,0,0,NA,5,27
"343","Caulastraea echinulata",165920165,"EN","A3ce",NA,NA,NA,24,2,0.416666666666667,6,0,0,NA,5,28
"344","Charadrius mongolus",234712764,"EN","A2bce+4bce",NA,"3200000","18000-50000",24,2,0.416666666666667,6,0,0,NA,5,29
"345","Alveopora marionensis",165619481,"EN","A3ce",NA,NA,NA,25,2,0.4,6,0,0,NA,4.8,30
"346","Astreopora macrostoma",165823210,"EN","A3ce",NA,NA,NA,25,2,0.4,6,0,0,NA,4.8,31
"347","Montipora samarensis",165871806,"EN","A3ce",NA,NA,NA,25,2,0.4,6,0,0,NA,4.8,32
"348","Pterodroma pycrofti",132616888,"VU","D2","160","98900000","12000-22000",15,1,0.666666666666667,0,7,0,NA,4.66666666666667,33
"349","Seriatopora stellata",165670311,"EN","A3ce",NA,NA,NA,26,2,0.384615384615385,6,0,0,NA,4.61538461538462,34
"350","Montipora capricornis",165882264,"EN","A3ce",NA,NA,NA,26,2,0.384615384615385,6,0,0,NA,4.61538461538462,35
"351","Montipora cebuensis",165979810,"EN","A3ce",NA,NA,NA,26,2,0.384615384615385,6,0,0,NA,4.61538461538462,36
"352","Eretmochelys imbricata",12881238,"CR","A2bd",NA,NA,NA,88,4,0.113636363636364,10,0,0,NA,4.54545454545454,37
"353","Isopora brueggemanni",165759263,"EN","A3ce",NA,NA,NA,27,2,0.37037037037037,6,0,0,NA,4.44444444444444,38
"354","Isopora crateriformis",165907396,"EN","A3ce",NA,NA,NA,27,2,0.37037037037037,6,0,0,NA,4.44444444444444,39
"355","Pocillopora ligulata",165692786,"EN","A3ce",NA,NA,NA,28,2,0.357142857142857,6,0,0,NA,4.28571428571429,40
"356","Alveopora daedalea",165717596,"EN","A3ce","unknown",">20,000kmÂ²",NA,28,2,0.357142857142857,6,0,0,NA,4.28571428571429,41
"357","Porites attenuata",165725082,"EN","A3ce",NA,NA,NA,28,2,0.357142857142857,6,0,0,NA,4.28571428571429,42
"358","Acropora tortuosa",165796730,"EN","A3ce",NA,NA,NA,28,2,0.357142857142857,6,0,0,NA,4.28571428571429,43
"359","Lobophyllia diminuta",165977631,"EN","A3ce",NA,NA,NA,28,2,0.357142857142857,6,0,0,NA,4.28571428571429,44
"360","Acropora carduus",165637500,"EN","A3ce",NA,NA,NA,29,2,0.344827586206897,6,0,0,NA,4.13793103448276,45
"361","Alveopora catalai",165623860,"EN","A3ce",NA,NA,NA,30,2,0.333333333333333,6,0,0,NA,4,46
"362","Anacropora puertogalerae",165878497,"EN","A3ce",NA,NA,NA,30,2,0.333333333333333,6,0,0,NA,4,47
"363","Montipora crassituberculata",165888181,"EN","A3ce",NA,NA,NA,30,2,0.333333333333333,6,0,0,NA,4,48
"364","Pectinia alcicornis",165647817,"EN","A3ce",NA,NA,NA,31,2,0.32258064516129,6,0,0,NA,3.87096774193548,49
"365","Acropora lovelli",165834566,"EN","A3ce",NA,NA,NA,31,2,0.32258064516129,6,0,0,NA,3.87096774193548,50
"366","Porites stephensoni",165835390,"EN","A3ce",NA,NA,NA,31,2,0.32258064516129,6,0,0,NA,3.87096774193548,51
"367","Isopora cuneata",165999850,"EN","A3ce",NA,NA,NA,32,2,0.3125,6,0,0,NA,3.75,52
"368","Millepora intricata",179622080,"EN","A3ce",NA,NA,NA,32,2,0.3125,6,0,0,NA,3.75,53
"369","Holothuria whitmaei",1630988,"EN","A2bd",NA,NA,NA,33,2,0.303030303030303,6,0,0,NA,3.63636363636364,54
"370","Acropora subglabra",165713957,"EN","A3ce",NA,NA,NA,33,2,0.303030303030303,6,0,0,NA,3.63636363636364,55
"371","Montipora lobulata",165729527,"EN","A3ce",NA,NA,NA,33,2,0.303030303030303,6,0,0,NA,3.63636363636364,56
"372","Montipora verrilli",165822856,"VU","A3ce",NA,NA,NA,11,1,0.909090909090909,4,0,0,NA,3.63636363636364,57
"373","Acropora dendrum",165831606,"EN","A3ce",NA,NA,NA,34,2,0.294117647058824,6,0,0,NA,3.52941176470588,58
"374","Astreopora randalli",165914197,"EN","A3ce",NA,NA,NA,34,2,0.294117647058824,6,0,0,NA,3.52941176470588,59
"375","Porites horizontalata",165914709,"EN","A3ce",NA,NA,NA,34,2,0.294117647058824,6,0,0,NA,3.52941176470588,60
"376","Procellaria parkinsoni",132629374,"VU","D2","160","54300000","5500",20,1,0.5,0,7,0,NA,3.5,61
"377","Acropora globiceps",165863098,"EN","A3ce",NA,NA,NA,35,2,0.285714285714286,6,0,0,NA,3.42857142857143,62
"378","Astreopora cucullata",165704867,"EN","A3ce",NA,NA,NA,36,2,0.277777777777778,6,0,0,NA,3.33333333333333,63
"379","Acropora sarmentosa",165806333,"EN","A3ce",NA,NA,NA,36,2,0.277777777777778,6,0,0,NA,3.33333333333333,64
"380","Acropora desalwii",165867805,"VU","A3ce",NA,NA,NA,12,1,0.833333333333333,4,0,0,NA,3.33333333333333,65
"381","Montipora australiensis",165893439,"EN","A3ce",NA,NA,NA,36,2,0.277777777777778,6,0,0,NA,3.33333333333333,66
"382","Acropora echinata",166000487,"EN","A3ce",NA,NA,NA,36,2,0.277777777777778,6,0,0,NA,3.33333333333333,67
"383","Holothuria lessoni",1609567,"EN","A2bd",NA,NA,NA,37,2,0.27027027027027,6,0,0,NA,3.24324324324324,68
"384","Pocillopora elegans",165720916,"EN","A3ce",NA,NA,NA,37,2,0.27027027027027,6,0,0,NA,3.24324324324324,69
"385","Pterodroma cervicalis",132614556,"VU","D2","1","75800000","100000",28,1,0.357142857142857,0,9,0,NA,3.21428571428571,70
"386","Montipora angulata",165604370,"EN","A3ce",NA,NA,NA,38,2,0.263157894736842,6,0,0,NA,3.15789473684211,71
"387","Montipora incrassata",165765776,"EN","A3ce",NA,NA,NA,38,2,0.263157894736842,6,0,0,NA,3.15789473684211,72
"388","Acropora donei",165780624,"EN","A3ce",NA,NA,NA,38,2,0.263157894736842,6,0,0,NA,3.15789473684211,73
"389","Acropora spicifera",165887620,"EN","A3ce",NA,NA,NA,38,2,0.263157894736842,6,0,0,NA,3.15789473684211,74
"390","Montipora effusa",165685629,"EN","A3ce",NA,NA,NA,39,2,0.256410256410256,6,0,0,NA,3.07692307692308,75
"391","Montipora calcarea",165760768,"EN","A3ce",NA,NA,NA,39,2,0.256410256410256,6,0,0,NA,3.07692307692308,76
"392","Acropora glauca",165944388,"EN","A3ce",NA,NA,NA,39,2,0.256410256410256,6,0,0,NA,3.07692307692308,77
"393","Dipsastraea laxa",165865677,"EN","A3ce",NA,NA,NA,40,2,0.25,6,0,0,NA,3,78
"394","Millepora dichotoma",179622579,"EN","A3ce",NA,NA,NA,40,2,0.25,6,0,0,NA,3,79
"395","Montipora stellata",165800471,"EN","A3ce",NA,NA,NA,41,2,0.24390243902439,6,0,0,NA,2.92682926829268,80
"396","Acropora batunai",165811526,"VU","A3ce",NA,NA,NA,14,1,0.714285714285714,4,0,0,NA,2.85714285714286,81
"397","Montipora nodosa",165642301,"EN","A3ce",NA,NA,NA,42,2,0.238095238095238,6,0,0,NA,2.85714285714286,82
"398","Acropora striata",165815669,"EN","A3ce",NA,NA,NA,42,2,0.238095238095238,6,0,0,NA,2.85714285714286,83
"399","Montipora capitata",165979277,"EN","A3ce",NA,NA,NA,42,2,0.238095238095238,6,0,0,NA,2.85714285714286,84
"400","Ardenna bulleri",132632044,"VU","D2","2","135000000",NA,32,1,0.3125,0,9,0,NA,2.8125,85
"401","Acropora retusa",165728440,"EN","A3ce",NA,NA,NA,43,2,0.232558139534884,6,0,0,NA,2.7906976744186,86
"402","Acropora palmerae",165935749,"EN","A3ce",NA,NA,NA,43,2,0.232558139534884,6,0,0,NA,2.7906976744186,87
"403","Acropora aspera",165735814,"EN","A3ce",NA,NA,NA,44,2,0.227272727272727,6,0,0,NA,2.72727272727273,88
"404","Carcharhinus longimanus",2911619,"CR","A2bd",NA,NA,NA,148,4,0.0675675675675676,10,0,0,NA,2.7027027027027,89
"405","Pectinia lactuca",165634982,"EN","A3ce",NA,NA,NA,45,2,0.222222222222222,6,0,0,NA,2.66666666666667,90
"406","Anacropora matthaii",165655511,"VU","A3ce",NA,NA,NA,15,1,0.666666666666667,4,0,0,NA,2.66666666666667,91
"407","Alveopora excelsa",165904170,"VU","A3ce",NA,NA,NA,15,1,0.666666666666667,4,0,0,NA,2.66666666666667,92
"408","Rastrelliger faughni",170086625,"VU","A2bd",NA,NA,NA,15,1,0.666666666666667,4,0,0,NA,2.66666666666667,93
"409","Millepora exaesa",179619219,"EN","A3ce",NA,NA,NA,45,2,0.222222222222222,6,0,0,NA,2.66666666666667,94
"410","Astreopora suggesta",165694150,"EN","A3ce",NA,NA,NA,46,2,0.217391304347826,6,0,0,NA,2.60869565217391,95
"411","Alveopora fenestrata",165931994,"EN","A3ce",NA,NA,NA,46,2,0.217391304347826,6,0,0,NA,2.60869565217391,96
"412","Montipora undata",165968337,"EN","A3ce",NA,NA,NA,46,2,0.217391304347826,6,0,0,NA,2.60869565217391,97
"413","Pocillopora woodjonesi",165632860,"EN","A3ce",NA,NA,NA,47,2,0.212765957446809,6,0,0,NA,2.5531914893617,98
"414","Merulina scabricula",165681375,"EN","A3ce",NA,NA,NA,47,2,0.212765957446809,6,0,0,NA,2.5531914893617,99
"415","Montipora digitata",165764784,"EN","A3ce",NA,NA,NA,47,2,0.212765957446809,6,0,0,NA,2.5531914893617,100
"416","Alveopora verrilliana",165745706,"EN","A3ce",NA,NA,NA,48,2,0.208333333333333,6,0,0,NA,2.5,101
"417","Montipora caliculata",165778853,"EN","A3ce",NA,NA,NA,48,2,0.208333333333333,6,0,0,NA,2.5,102
"418","Acropora yongei",165942828,"EN","A3ce",NA,NA,NA,48,2,0.208333333333333,6,0,0,NA,2.5,103
"419","Stylophora subseriata",165935170,"EN","A3ce",NA,NA,NA,49,2,0.204081632653061,6,0,0,NA,2.44897959183673,104
"420","Acropora microclados",165849704,"EN","A3ce",NA,NA,NA,50,2,0.2,6,0,0,NA,2.4,105
"421","Acropora nana",166018690,"EN","A3ce",NA,NA,NA,50,2,0.2,6,0,0,NA,2.4,106
"422","Gobiodon axillaris",2211025,"VU","A4c",NA,NA,NA,17,1,0.588235294117647,4,0,0,NA,2.35294117647059,107
"423","Favites valenciennesii",165668021,"EN","A3ce",NA,NA,NA,51,2,0.196078431372549,6,0,0,NA,2.35294117647059,108
"424","Acropora elseyi",165673689,"EN","A3ce",NA,NA,NA,51,2,0.196078431372549,6,0,0,NA,2.35294117647059,109
"425","Acropora aculeus",165903510,"EN","A3ce",NA,NA,NA,51,2,0.196078431372549,6,0,0,NA,2.35294117647059,110
"426","Acropora anthocercis",165927627,"EN","A3ce",NA,NA,NA,51,2,0.196078431372549,6,0,0,NA,2.35294117647059,111
"427","Montipora peltiformis",165950846,"EN","A3ce",NA,NA,NA,51,2,0.196078431372549,6,0,0,NA,2.35294117647059,112
"428","Rastrelliger brachysoma",170085723,"VU","A2bd",NA,NA,NA,17,1,0.588235294117647,4,0,0,NA,2.35294117647059,113
"429","Acropora longicyathus",165663454,"EN","A3ce",NA,NA,NA,52,2,0.192307692307692,6,0,0,NA,2.30769230769231,114
"430","Isopora palifera",165738739,"EN","A3ce",NA,NA,NA,52,2,0.192307692307692,6,0,0,NA,2.30769230769231,115
"431","Holothuria scabra",1606648,"EN","A2bd",NA,NA,NA,53,2,0.188679245283019,6,0,0,NA,2.26415094339623,116
"432","Urogymnus asperrimus",124411670,"EN","A2cd",NA,NA,NA,53,2,0.188679245283019,6,0,0,NA,2.26415094339623,117
"433","Acropora polystoma",165992609,"EN","A3ce",NA,NA,NA,53,2,0.188679245283019,6,0,0,NA,2.26415094339623,118
"434","Acropora acuminata",165640708,"EN","A3ce",NA,NA,NA,54,2,0.185185185185185,6,0,0,NA,2.22222222222222,119
"435","Acropora listeri",165653423,"EN","A3ce",NA,NA,NA,54,2,0.185185185185185,6,0,0,NA,2.22222222222222,120
"436","Acropora paniculata",165654932,"EN","A3ce",NA,NA,NA,54,2,0.185185185185185,6,0,0,NA,2.22222222222222,121
"437","Montipora spongodes",165792388,"EN","A3ce",NA,NA,NA,54,2,0.185185185185185,6,0,0,NA,2.22222222222222,122
"438","Acropora solitaryensis",165830562,"EN","A3ce",NA,NA,NA,54,2,0.185185185185185,6,0,0,NA,2.22222222222222,123
"439","Montipora grisea",165881406,"EN","A3ce",NA,NA,NA,54,2,0.185185185185185,6,0,0,NA,2.22222222222222,124
"440","Montipora foveolata",165890614,"EN","A3ce",NA,NA,NA,54,2,0.185185185185185,6,0,0,NA,2.22222222222222,125
"441","Dipsastraea lizardensis",165926708,"EN","A3ce",NA,NA,NA,54,2,0.185185185185185,6,0,0,NA,2.22222222222222,126
"442","Acropora grandis",165675210,"EN","A3ce",NA,NA,NA,55,2,0.181818181818182,6,0,0,NA,2.18181818181818,127
"443","Thelenota ananas",1636021,"EN","A2bd",NA,NA,NA,56,2,0.178571428571429,6,0,0,NA,2.14285714285714,128
"444","Acropora florida",165605719,"EN","A3ce",NA,NA,NA,56,2,0.178571428571429,6,0,0,NA,2.14285714285714,129
"445","Montipora floweri",165761359,"EN","A3ce",NA,NA,NA,57,2,0.175438596491228,6,0,0,NA,2.10526315789474,130
"446","Acropora vaughani",165681978,"EN","A3ce",NA,NA,NA,58,2,0.172413793103448,6,0,0,NA,2.06896551724138,131
"447","Acropora millepora",166002970,"EN","A3ce",NA,NA,NA,58,2,0.172413793103448,6,0,0,NA,2.06896551724138,132
"448","Pleuractis paumotensis",166006326,"EN","A3c",NA,NA,NA,58,2,0.172413793103448,6,0,0,NA,2.06896551724138,133
"449","Acropora caroliniana",165727222,"VU","A3ce",NA,NA,NA,20,1,0.5,4,0,0,NA,2,134
"450","Astreopora listeri",165804470,"EN","A3ce",NA,NA,NA,60,2,0.166666666666667,6,0,0,NA,2,135
"451","Stegostoma tigrinum",124425292,"EN","A2bcd",NA,NA,NA,61,2,0.163934426229508,6,0,0,NA,1.9672131147541,136
"452","Acropora loripes",165656362,"EN","A3ce",NA,NA,NA,61,2,0.163934426229508,6,0,0,NA,1.9672131147541,137
"453","Acropora pulchra",165686669,"EN","A3ce",NA,NA,NA,61,2,0.163934426229508,6,0,0,NA,1.9672131147541,138
"454","Danafungia scruposa",165824266,"EN","A3c",NA,NA,NA,61,2,0.163934426229508,6,0,0,NA,1.9672131147541,139
"455","Acropora monticulosa",165827961,"EN","A3ce",NA,NA,NA,61,2,0.163934426229508,6,0,0,NA,1.9672131147541,140
"456","Montipora spumosa",165946810,"EN","A3ce",NA,NA,NA,61,2,0.163934426229508,6,0,0,NA,1.9672131147541,141
"457","Lithophyllon repanda",165662053,"EN","A3c",NA,NA,NA,62,2,0.161290322580645,6,0,0,NA,1.93548387096774,142
"458","Oulophyllia crispa",165767969,"EN","A3ce",NA,NA,NA,62,2,0.161290322580645,6,0,0,NA,1.93548387096774,143
"459","Alveopora allingi",165836622,"EN","A3ce",NA,NA,NA,62,2,0.161290322580645,6,0,0,NA,1.93548387096774,144
"460","Acropora verweyi",165936343,"EN","A3ce",NA,NA,NA,62,2,0.161290322580645,6,0,0,NA,1.93548387096774,145
"461","Acropora subulata",166011138,"EN","A3ce",NA,NA,NA,62,2,0.161290322580645,6,0,0,NA,1.93548387096774,146
"462","Acropora secale",165615514,"EN","A3ce",NA,NA,NA,63,2,0.158730158730159,6,0,0,NA,1.9047619047619,147
"463","Acropora divaricata",165626293,"EN","A3ce",NA,NA,NA,63,2,0.158730158730159,6,0,0,NA,1.9047619047619,148
"464","Acropora austera",165747988,"EN","A3ce",NA,NA,NA,63,2,0.158730158730159,6,0,0,NA,1.9047619047619,149
"465","Acropora selago",165710104,"EN","A3ce",NA,NA,NA,64,2,0.15625,6,0,0,NA,1.875,150
"466","Acropora latistella",165730834,"EN","A3ce",NA,NA,NA,64,2,0.15625,6,0,0,NA,1.875,151
"467","Montipora hispida",165787902,"EN","A3ce",NA,NA,NA,64,2,0.15625,6,0,0,NA,1.875,152
"468","Acropora lutkeni",165821593,"EN","A3ce",NA,NA,NA,64,2,0.15625,6,0,0,NA,1.875,153
"469","Montipora mollis",166006972,"EN","A3ce",NA,NA,NA,64,2,0.15625,6,0,0,NA,1.875,154
"470","Negaprion acutidens",173435545,"EN","A2bd",NA,NA,NA,64,2,0.15625,6,0,0,NA,1.875,155
"471","Acropora samoensis",165668656,"EN","A3ce",NA,NA,NA,65,2,0.153846153846154,6,0,0,NA,1.84615384615385,156
"472","Pocillopora meandrina",165718756,"EN","A3ce",NA,NA,NA,65,2,0.153846153846154,6,0,0,NA,1.84615384615385,157
"473","Acropora intermedia",218756129,"EN","A3ce",NA,NA,NA,65,2,0.153846153846154,6,0,0,NA,1.84615384615385,158
"474","Acropora robusta",165794325,"EN","A3ce",NA,NA,NA,66,2,0.151515151515152,6,0,0,NA,1.81818181818182,159
"475","Montipora danae",165897161,"EN","A3ce",NA,NA,NA,66,2,0.151515151515152,6,0,0,NA,1.81818181818182,160
"476","Acropora valenciennesi",165978585,"EN","A3ce",NA,NA,NA,66,2,0.151515151515152,6,0,0,NA,1.81818181818182,161
"477","Acropora microphthalma",165679447,"EN","A3ce",NA,NA,NA,67,2,0.149253731343284,6,0,0,NA,1.7910447761194,162
"478","Montipora turgescens",165819304,"EN","A3ce",NA,NA,NA,67,2,0.149253731343284,6,0,0,NA,1.7910447761194,163
"479","Acropora gemmifera",165832731,"EN","A3ce",NA,NA,NA,67,2,0.149253731343284,6,0,0,NA,1.7910447761194,164
"480","Acropora abrotanoides",165994001,"EN","A3ce",NA,NA,NA,67,2,0.149253731343284,6,0,0,NA,1.7910447761194,165
"481","Pocillopora acuta",219768281,"EN","A3ce",NA,NA,NA,67,2,0.149253731343284,6,0,0,NA,1.7910447761194,166
"482","Acropora clathrata",165771425,"EN","A3ce",NA,NA,NA,68,2,0.147058823529412,6,0,0,NA,1.76470588235294,167
"483","Acropora digitifera",165795607,"EN","A3ce",NA,NA,NA,68,2,0.147058823529412,6,0,0,NA,1.76470588235294,168
"484","Acropora hyacinthus",165910938,"EN","A3ce",NA,NA,NA,68,2,0.147058823529412,6,0,0,NA,1.76470588235294,169
"485","Acropora cerealis",165957417,"EN","A3ce",NA,NA,NA,68,2,0.147058823529412,6,0,0,NA,1.76470588235294,170
"486","Lobophyllia hemprichii",165880675,"EN","A3ce",NA,NA,NA,69,2,0.144927536231884,6,0,0,NA,1.73913043478261,171
"487","Acropora humilis",165665320,"EN","A3ce",NA,NA,NA,70,2,0.142857142857143,6,0,0,NA,1.71428571428571,172
"488","Acropora tenuis",165678669,"EN","A3ce",NA,NA,NA,70,2,0.142857142857143,6,0,0,NA,1.71428571428571,173
"489","Acropora horrida",165829820,"EN","A3ce",NA,NA,NA,70,2,0.142857142857143,6,0,0,NA,1.71428571428571,174
"490","Lithophyllon concinna",165879990,"EN","A3c",NA,NA,NA,70,2,0.142857142857143,6,0,0,NA,1.71428571428571,175
"491","Cheilinus undulatus",11023949,"EN","A2bd+3bd",NA,NA,NA,71,2,0.140845070422535,6,0,0,NA,1.69014084507042,176
"492","Montipora efflorescens",165755570,"EN","A3ce",NA,NA,NA,71,2,0.140845070422535,6,0,0,NA,1.69014084507042,177
"493","Pachyseris gemmae",165633450,"VU","A3ce",NA,NA,NA,24,1,0.416666666666667,4,0,0,NA,1.66666666666667,178
"494","Acropora cytherea",165826487,"EN","A3ce",NA,NA,NA,72,2,0.138888888888889,6,0,0,NA,1.66666666666667,179
"495","Montipora foliosa",165705966,"EN","A3ce",NA,NA,NA,73,2,0.136986301369863,6,0,0,NA,1.64383561643836,180
"496","Acropora muricata",219836713,"EN","A3ce",NA,NA,NA,73,2,0.136986301369863,6,0,0,NA,1.64383561643836,181
"497","Montipora aequituberculata",165827190,"EN","A3ce",NA,NA,NA,74,2,0.135135135135135,6,0,0,NA,1.62162162162162,182
"498","Montipora venosa",165985544,"EN","A3ce",NA,NA,NA,74,2,0.135135135135135,6,0,0,NA,1.62162162162162,183
"499","Montipora informis",165703003,"EN","A3ce",NA,NA,NA,75,2,0.133333333333333,6,0,0,NA,1.6,184
"500","Pavona duerdeni",166020214,"EN","A3ce",NA,NA,NA,76,2,0.131578947368421,6,0,0,NA,1.57894736842105,185
"501","Carcharhinus amblyrhynchos",173433550,"EN","A2bcd",NA,NA,NA,76,2,0.131578947368421,6,0,0,NA,1.57894736842105,186
"502","Millepora tenera",179617703,"EN","A3ce",NA,NA,NA,76,2,0.131578947368421,6,0,0,NA,1.57894736842105,187
"503","Montipora tuberculosa",165843018,"EN","A3ce",NA,NA,NA,77,2,0.12987012987013,6,0,0,NA,1.55844155844156,188
"504","Millepora platyphylla",179623155,"EN","A3ce",NA,NA,NA,79,2,0.126582278481013,6,0,0,NA,1.51898734177215,189
"505","Acropora nasuta",165788565,"EN","A3ce",NA,NA,NA,80,2,0.125,6,0,0,NA,1.5,190
"506","Aetobatus ocellatus",124549514,"EN","A2bcd",NA,NA,NA,81,2,0.123456790123457,6,0,0,NA,1.48148148148148,191
"507","Acropora valida",165816927,"EN","A3ce",NA,NA,NA,83,2,0.120481927710843,6,0,0,NA,1.44578313253012,192
"508","Pocillopora verrucosa",165766340,"EN","A3ce",NA,NA,NA,86,2,0.116279069767442,6,0,0,NA,1.3953488372093,193
"509","Pocillopora damicornis",165779794,"EN","A3ce",NA,NA,NA,91,2,0.10989010989011,6,0,0,NA,1.31868131868132,194
"510","Alopias pelagicus",68607857,"EN","A2bd",NA,NA,NA,92,2,0.108695652173913,6,0,0,NA,1.30434782608696,195
"511","Hippopus hippopus",117405498,"VU","A2acd","2020","34536929",NA,31,1,0.32258064516129,4,0,0,NA,1.29032258064516,196
"512","Hippocampus kuda",16664386,"VU","A2cd+3cd+4cd",NA,NA,NA,32,1,0.3125,4,0,0,NA,1.25,197
"513","Stichopus herrmanni",1604460,"VU","A2bd",NA,NA,NA,38,1,0.263157894736842,4,0,0,NA,1.05263157894737,198
"514","Makaira nigricans",76596659,"EN","A2bd",NA,NA,NA,115,2,0.0869565217391304,6,0,0,NA,1.04347826086957,199
"515","Anacropora forbesi",165840972,"VU","A3ce",NA,NA,NA,41,1,0.24390243902439,4,0,0,NA,0.975609756097561,200
"516","Acropora speciosa",165839718,"VU","A3ce",NA,NA,NA,42,1,0.238095238095238,4,0,0,NA,0.952380952380952,201
"517","Rhincodon typus",2365291,"EN","A2bd+4bd",NA,NA,NA,127,2,0.078740157480315,6,0,0,NA,0.94488188976378,202
"518","Pavona minuta",165623343,"VU","A3ce",NA,NA,NA,44,1,0.227272727272727,4,0,0,NA,0.909090909090909,203
"519","Actinopyga mauritiana",1616879,"VU","A2bd",NA,NA,NA,46,1,0.217391304347826,4,0,0,NA,0.869565217391304,204
"520","Lobophyllia robusta",165708290,"VU","A3ce",NA,NA,NA,46,1,0.217391304347826,4,0,0,NA,0.869565217391304,205
"521","Astreopora expansa",165782523,"VU","A3ce",NA,NA,NA,47,1,0.212765957446809,4,0,0,NA,0.851063829787234,206
"522","Plectropomus areolatus",192479585,"VU","A2bd",NA,NA,NA,47,1,0.212765957446809,4,0,0,NA,0.851063829787234,207
"523","Cetorhinus maximus",194720078,"EN","A2bd",NA,NA,NA,143,2,0.0699300699300699,6,0,0,NA,0.839160839160839,208
"524","Hippocampus histrix",54905206,"VU","A2cd+4cd",NA,NA,NA,48,1,0.208333333333333,4,0,0,NA,0.833333333333333,209
"525","Oxymonacanthus longirostris",115476659,"VU","A3c",NA,NA,NA,51,1,0.196078431372549,4,0,0,NA,0.784313725490196,210
"526","Montipora hoffmeisteri",166019596,"VU","A3ce",NA,NA,NA,51,1,0.196078431372549,4,0,0,NA,0.784313725490196,211
"527","Actinopyga miliaris",1607822,"VU","A2bd",NA,NA,NA,52,1,0.192307692307692,4,0,0,NA,0.769230769230769,212
"528","Actinopyga echinites",1642310,"VU","A2bd",NA,NA,NA,52,1,0.192307692307692,4,0,0,NA,0.769230769230769,213
"529","Dalatias licha",3111662,"VU","A2bd+3d",NA,NA,NA,52,1,0.192307692307692,4,0,0,NA,0.769230769230769,214
"530","Pateobatis fai",124515272,"VU","A2cd",NA,NA,NA,53,1,0.188679245283019,4,0,0,NA,0.754716981132076,215
"531","Seriatopora caliendrum",165683704,"VU","A3ce",NA,NA,NA,53,1,0.188679245283019,4,0,0,NA,0.754716981132076,216
"532","Mobula birostris",214397182,"EN","A2bcd+3d",NA,NA,NA,167,2,0.0598802395209581,6,0,0,NA,0.718562874251497,217
"533","Mobula mobular",214381504,"EN","A2bd+3d",NA,NA,NA,169,2,0.0591715976331361,6,0,0,NA,0.710059171597633,218
"534","Mobula tarapacana",214371388,"EN","A2bd+3d",NA,NA,NA,173,2,0.0578034682080925,6,0,0,NA,0.69364161849711,219
"535","Mobula thurstoni",214368409,"EN","A2bd+3d",NA,NA,NA,177,2,0.0564971751412429,6,0,0,NA,0.677966101694915,220
"536","Montipora millepora",165676294,"VU","A3ce",NA,NA,NA,60,1,0.166666666666667,4,0,0,NA,0.666666666666667,221
"537","Epinephelus fuscoguttatus",100468078,"VU","A2bd+4bd",NA,NA,NA,61,1,0.163934426229508,4,0,0,NA,0.655737704918033,222
"538","Isurus oxyrinchus",2903170,"EN","A2bd",NA,NA,NA,184,2,0.0543478260869565,6,0,0,NA,0.652173913043478,223
"539","Calidris acuminata",152588591,"VU","A2bce+3bce+4bce",NA,"820000","60000-120000, 73000",62,1,0.161290322580645,4,0,0,NA,0.645161290322581,224
"540","Limosa haemastica",255829868,"VU","A2b+4b",NA,"6200000","41000-70000",62,1,0.161290322580645,4,0,0,NA,0.645161290322581,225
"541","Acropora granulosa",165644153,"VU","A3ce",NA,NA,NA,63,1,0.158730158730159,4,0,0,NA,0.634920634920635,226
"542","Lobophyllia corymbosa",165944911,"VU","A3ce",NA,NA,NA,63,1,0.158730158730159,4,0,0,NA,0.634920634920635,227
"543","Epinephelus polyphekadion",100553967,"VU","A2bd",NA,NA,NA,64,1,0.15625,4,0,0,NA,0.625,228
"544","Chelonia mydas",247654386,"EN","A2bd",NA,NA,NA,194,2,0.0515463917525773,6,0,0,NA,0.618556701030928,229
"545","Seriatopora hystrix",165864447,"VU","A3ce",NA,NA,NA,65,1,0.153846153846154,4,0,0,NA,0.615384615384615,230
"546","Alveopora spongiosa",165912495,"VU","A3ce",NA,NA,NA,65,1,0.153846153846154,4,0,0,NA,0.615384615384615,231
"547","Porites lichen",165680666,"VU","A3ce",NA,NA,NA,66,1,0.151515151515152,4,0,0,NA,0.606060606060606,232
"548","Montipora monasteriata",165933017,"VU","A3ce",NA,NA,NA,66,1,0.151515151515152,4,0,0,NA,0.606060606060606,233
"549","Echinopora lamellosa",165714474,"VU","A3ce",NA,NA,NA,69,1,0.144927536231884,4,0,0,NA,0.579710144927536,234
"550","Nebrius ferrugineus",173437098,"VU","A2bcd",NA,NA,NA,69,1,0.144927536231884,4,0,0,NA,0.579710144927536,235
"551","Pavona cactus",165948083,"VU","A3ce",NA,NA,NA,70,1,0.142857142857143,4,0,0,NA,0.571428571428571,236
"552","Dipsastraea favus",165953718,"VU","A3ce",NA,NA,NA,74,1,0.135135135135135,4,0,0,NA,0.540540540540541,237
"553","Montipora verrucosa",165991842,"VU","A3ce",NA,NA,NA,75,1,0.133333333333333,4,0,0,NA,0.533333333333333,238
"554","Carcharhinus melanopterus",58303674,"VU","A2bcd",NA,NA,NA,77,1,0.12987012987013,4,0,0,NA,0.519480519480519,239
"555","Carcharhinus albimarginatus",124499982,"VU","A2bd",NA,NA,NA,77,1,0.12987012987013,4,0,0,NA,0.519480519480519,240
"556","Mobula alfredi",214395983,"VU","A2bcd+3d",NA,NA,NA,77,1,0.12987012987013,4,0,0,NA,0.519480519480519,241
"557","Balaenoptera physalus",50349982,"VU","A1d",NA,NA,"100000",78,1,0.128205128205128,4,0,0,NA,0.512820512820513,242
"558","Triaenodon obesus",173436715,"VU","A2bcd",NA,NA,NA,82,1,0.121951219512195,4,0,0,NA,0.48780487804878,243
"559","Caretta caretta",119333622,"VU","A2b",NA,NA,NA,107,1,0.0934579439252336,4,0,0,NA,0.373831775700935,244
"560","Carcharhinus leucas",2910670,"VU","A2bcd",NA,NA,NA,113,1,0.0884955752212389,4,0,0,NA,0.353982300884956,245
"561","Makaira nigricans",46936155,"VU","A2bd",NA,NA,NA,117,1,0.0854700854700855,4,0,0,NA,0.341880341880342,246
"562","Carcharhinus limbatus",2870736,"VU","A2bd",NA,NA,NA,126,1,0.0793650793650794,4,0,0,NA,0.317460317460317,247
"563","Thunnus obesus",46912402,"VU","A2bd",NA,NA,NA,131,1,0.0763358778625954,4,0,0,NA,0.305343511450382,248
"564","Sphyrna zygaena",2921825,"VU","A2bd",NA,NA,NA,135,1,0.0740740740740741,4,0,0,NA,0.296296296296296,249
"565","Holothuria fuscogilva",2681354,"VU","A2bd",NA,NA,NA,137,1,0.072992700729927,4,0,0,NA,0.291970802919708,250
"566","Dermochelys coriacea",43526147,"VU","A2bd",NA,NA,NA,140,1,0.0714285714285714,4,0,0,NA,0.285714285714286,251
"567","Istiophorus platypterus",46649664,"VU","A2bd",NA,NA,NA,182,1,0.0549450549450549,4,0,0,NA,0.21978021978022,252
"568","Physeter macrocephalus",160983555,"VU","A1d",NA,NA,NA,185,1,0.0540540540540541,4,0,0,NA,0.216216216216216,253
"569","Alopias superciliosus",894216,"VU","A2bd",NA,NA,NA,191,1,0.0523560209424084,4,0,0,NA,0.209424083769634,254
"570","Mola mola",97667070,"VU","A4bd",NA,NA,NA,198,1,0.0505050505050505,4,0,0,NA,0.202020202020202,255
"571","Carcharodon carcharias",212629880,"VU","A2bd",NA,NA,NA,202,1,0.0495049504950495,4,0,0,NA,0.198019801980198,256
"572","Alopias vulpinus",212641186,"VU","A2bd",NA,NA,NA,204,1,0.0490196078431373,4,0,0,NA,0.196078431372549,257
"573","Pluvialis squatarola",254375039,"VU","A2bcd+4bcd",NA,"19000000","1000000-2500000",221,1,0.0452488687782805,4,0,0,NA,0.180995475113122,258
"574","Balaka streptostachys",1494216,"CR","C2a(i,ii)",NA,NA,"50-60",1,4,10,NA,NA,NA,NA,NA,NA
"575","Pseudobulweria becki",132612218,"CR","C2a(i,ii)",NA,"770000","50-249",16,4,0.625,NA,NA,NA,NA,NA,NA
