"","CommonName_English","ScientificName","Phylum","Class","Order","Family","assessment_id","assessment_date","red_list_category_code","red_list_category_version","criteria_Listed","criteria_V3.1","NumberOfCountriesExtant","PopulationTrend","ContDec_Population","ContDec_Area","ContDec_Location","ContDec_EOO","ContDec_AOO","ContDec_Subpopulation","AreaRestricted","AOO","EOO","PopulationSize","LocationNumber","Risk","Endemic","Decline","Restriction","Priority1_PS","Priority1_Rank","Priority2_PS","Priority2_Rank"
"1","Pukuma Skink","Oligosoma hoparatea","CHORDATA","REPTILIA","SQUAMATA","SCINCIDAE",120192594,2018-02-17,"CR","3.1","A4abe; B2ab(v); C1+2a(i)","A4abe; B2ab(v); C1+2a(i)",1,"Decreasing","Yes",NA,NA,NA,NA,NA,"Yes","8",NA,"200","1",4,10,10,9,3600,1,400,NA
"2","New Zealand Dotterel","Charadrius obscurus","CHORDATA","AVES","CHARADRIIFORMES","CHARADRIIDAE",126893184,2017-10-01,"CR","3.1","A4a; C1+2a(ii)","A4a; C1+2a(ii)",1,"Decreasing","Yes","Unknown","Yes","Yes","Yes","Yes","No",NA,"2200","60-80","11-100",4,10,10,9,3600,1,400,NA
"3","Chatham Island Shag","Leucocarbo onslowi","CHORDATA","AVES","SULIFORMES","PHALACROCORACIDAE",131116322,2018-08-09,"CR","3.1","A2bcde+3bcde+4bcde","A2bcde+3bcde+4bcde",1,"Decreasing","Yes","Yes","Yes","Unknown","Yes","Yes","Yes","1","8600","710","2",4,10,10,9,3600,1,400,NA
"4","Chatham Island Taiko","Pterodroma magentae","CHORDATA","AVES","PROCELLARIIFORMES","PROCELLARIIDAE",131879320,2018-08-07,"CR","3.1","A2ce","A2ce",1,"Increasing","No","No","Unknown","Unknown","No","Unknown","Yes","2","1850000","80-100","1",4,10,10,9,3600,1,400,NA
"5","Barker’s Koromiko","Veronica barkeri","TRACHEOPHYTA","MAGNOLIOPSIDA","LAMIALES","PLANTAGINACEAE",62620653,2023-09-06,"CR","3.1","A4ace","A4ace",1,"Decreasing","Yes",NA,NA,NA,NA,NA,NA,NA,NA,"249",NA,4,10,10,8,3200,5,400,NA
"6","Owl Parrot","Strigops habroptilus","CHORDATA","AVES","PSITTACIFORMES","STRIGOPIDAE",129751169,2018-08-07,"CR","3.1","A2be","A2be",1,"Increasing","No","No","No","No","No","No","Yes",NA,"95100","116","3",4,10,10,8,3200,5,400,NA
"7","Orange-fronted Parakeet","Cyanoramphus malherbi","CHORDATA","AVES","PSITTACIFORMES","PSITTACIDAE",130890144,2018-08-07,"CR","3.1","A2bce","A2bce",1,"Stable","Yes","Unknown","Yes","Yes","Yes","Yes","Yes",NA,"118000","50-249","7",4,10,10,8,3200,5,400,NA
"8","Archey's Frog","Leiopelma archeyi","CHORDATA","AMPHIBIA","ANURA","LEIOPELMATIDAE",66654575,2015-07-21,"CR","3.1","A2ab","A2ab",1,"Stable","No",NA,"No","No","No",NA,"Yes","1376","13881","5000-20000","4",4,10,10,7,2800,8,400,NA
"9","Burgan Skink","Oligosoma burganae","CHORDATA","REPTILIA","SQUAMATA","SCINCIDAE",120192574,2018-02-17,"CR","3.1","A2abce+4abce","A2abce+4abce",1,"Decreasing","Yes","Unknown",NA,NA,NA,"Unknown",NA,"32","30566","250",NA,4,10,10,6,2400,9,400,NA
"10","Pitt Shag","Phalacrocorax featherstoni","CHORDATA","AVES","SULIFORMES","PHALACROCORACIDAE",132595530,2018-08-08,"EN","3.1","A2bde+3bde+4bde; C1+2a(ii)","A2bde+3bde+4bde; C1+2a(ii)",1,"Decreasing","Yes","Unknown","Unknown","Unknown","Unknown","Unknown","Yes","22","13400","868","11-100",2,10,6,7,840,10,140,NA
"11","Kākā Beak","Clianthus puniceus","TRACHEOPHYTA","MAGNOLIOPSIDA","FABALES","FABACEAE",47608529,2023-08-25,"EW","3.1",NA,NA,1,NA,NA,NA,NA,NA,NA,NA,NA,NA,NA,NA,NA,8,1,10,10,800,11,80,NA
"12","Bartlett's Rata","Metrosideros bartlettii","TRACHEOPHYTA","MAGNOLIOPSIDA","MYRTALES","MYRTACEAE",62743272,2013-08-31,"CR","3.1","C2a(i); D","C2a(i); D",1,"Decreasing","Yes",NA,NA,NA,NA,NA,NA,NA,"50","25",NA,4,10,2,10,800,11,400,NA
"13","Speckled Skink","Oligosoma infrapunctatum","CHORDATA","REPTILIA","SQUAMATA","SCINCIDAE",120191280,2019-11-15,"CR","3.1","D","D",1,"Unknown","Yes",NA,NA,NA,NA,NA,NA,NA,NA,"0-49",NA,4,10,2,10,800,11,400,NA
"14",NA,"Deconica baylisiana","BASIDIOMYCOTA","AGARICOMYCETES","AGARICALES","STROPHARIACEAE",154239311,2019-07-23,"CR","3.1","D","D",1,"Decreasing","Unknown",NA,NA,NA,NA,NA,NA,"12-24","760","36-90",NA,4,10,2,10,800,11,400,NA
"15","South Island Kokako","Callaeas cinereus","CHORDATA","AVES","PASSERIFORMES","CALLAEIDAE",156237250,2019-08-08,"CR","3.1","D","D",1,"Decreasing","Yes","No","Yes","Unknown","Yes","Unknown","Yes",NA,"0-11400","0-49",NA,4,10,2,10,800,11,400,NA
"16","Chesterfield Skink","Oligosoma salmo","CHORDATA","REPTILIA","SQUAMATA","SCINCIDAE",156730436,2019-10-31,"CR","3.1","B1ab(i,ii,iii,v)+2ab(i,ii,iii,v); D","B1ab(i,ii,iii,v)+2ab(i,ii,iii,v); D",1,"Decreasing","Yes","Yes",NA,"Yes","Yes",NA,NA,"4","4","49","1",4,10,2,10,800,11,400,NA
"17","Canterbury Mudfish","Neochanna burrowsius","CHORDATA","ACTINOPTERYGII","OSMERIFORMES","GALAXIIDAE",545821,2014-07-15,"CR","3.1","B2ab(i,ii,iii,iv)","B2ab(i,ii,iii,iv)",1,"Decreasing",NA,NA,NA,NA,NA,NA,NA,"1.8","1599",NA,NA,4,10,2,9,720,17,360,NA
"18","Central Otago Roundhead Galaxias","Galaxias anomalus","CHORDATA","ACTINOPTERYGII","OSMERIFORMES","GALAXIIDAE",2481333,2014-08-04,"CR","3.1","B2ab(i,ii,iii,iv)c(iv)","B2ab(i,ii,iii,iv)c(iv)",1,"Decreasing",NA,NA,NA,NA,NA,NA,NA,"4.2","1050",NA,NA,4,10,2,9,720,17,360,NA
"19","Eldons Galaxias","Galaxias eldoni","CHORDATA","ACTINOPTERYGII","OSMERIFORMES","GALAXIIDAE",2481584,2014-08-05,"CR","3.1","B2ab(ii,iii,iv,v)","B2ab(ii,iii,iv,v)",1,"Decreasing",NA,NA,NA,NA,NA,NA,NA,"0.69","405",NA,NA,4,10,2,9,720,17,360,NA
"20","Gollum Galaxias","Galaxias gollumoides","CHORDATA","ACTINOPTERYGII","OSMERIFORMES","GALAXIIDAE",2481634,2014-08-04,"CR","3.1","B2ab(ii,iii,iv,v)","B2ab(ii,iii,iv,v)",1,"Decreasing",NA,NA,NA,NA,NA,NA,NA,"7.1","2241",NA,NA,4,10,2,9,720,17,360,NA
"21","Bignose Galaxias","Galaxias macronasus","CHORDATA","ACTINOPTERYGII","OSMERIFORMES","GALAXIIDAE",2481677,2014-08-05,"CR","3.1","B2ab(ii,iii,v)","B2ab(ii,iii,v)",1,"Decreasing",NA,NA,NA,NA,NA,NA,NA,"3.3","752",NA,NA,4,10,2,9,720,17,360,NA
"22","Upland Longjaw Galaxias","Galaxias prognathus","CHORDATA","ACTINOPTERYGII","OSMERIFORMES","GALAXIIDAE",2481758,2014-08-06,"CR","3.1","B2ab(i,ii,iii,iv,v)","B2ab(i,ii,iii,iv,v)",1,"Decreasing",NA,NA,NA,NA,NA,NA,NA,"5.7","1626","5000",NA,4,10,2,9,720,17,360,NA
"23","Dusky Galaxias","Galaxias pullus","CHORDATA","ACTINOPTERYGII","OSMERIFORMES","GALAXIIDAE",2481802,2014-08-05,"CR","3.1","B2ab(ii,iii,iv)","B2ab(ii,iii,iv)",1,"Decreasing",NA,NA,NA,NA,NA,NA,NA,"1","527.5",NA,NA,4,10,2,9,720,17,360,NA
"24","Northland Mudfish","Neochanna heleios","CHORDATA","ACTINOPTERYGII","OSMERIFORMES","GALAXIIDAE",2481887,2014-07-16,"CR","3.1","B2ab(ii,iii)","B2ab(ii,iii)",1,"Decreasing",NA,NA,NA,NA,NA,NA,NA,"9.5","850",NA,NA,4,10,2,9,720,17,360,NA
"25",NA,"Hadopyrgus ngataana","MOLLUSCA","GASTROPODA","LITTORINIMORPHA","TATEIDAE",2540377,2011-07-27,"CR","3.1","B1ab(iii,v)+2ab(iii,v)","B1ab(iii,v)+2ab(iii,v)",1,"Decreasing",NA,NA,NA,NA,NA,NA,NA,"4-10","4-2500",NA,"1",4,10,2,9,720,17,360,NA
"26",NA,"Potamopyrgus acus","MOLLUSCA","GASTROPODA","LITTORINIMORPHA","TATEIDAE",2544229,2011-07-29,"CR","3.1","B1ab(i,ii,iii,iv,v)+2ab(i,ii,iii,iv,v)","B1ab(i,ii,iii,iv,v)+2ab(i,ii,iii,iv,v)",1,"Decreasing",NA,NA,NA,NA,NA,NA,NA,"4","0-4",NA,"1",4,10,2,9,720,17,360,NA
"27",NA,"Potamopyrgus oppidanus","MOLLUSCA","GASTROPODA","LITTORINIMORPHA","TATEIDAE",2544627,2011-07-29,"CR","3.1","B1ab(iii,v)+2ab(iii,v)","B1ab(iii,v)+2ab(iii,v)",1,"Decreasing",NA,NA,NA,NA,NA,NA,NA,NA,"1-500",NA,"1",4,10,2,9,720,17,360,NA
"28",NA,"Rhytida oconnori","MOLLUSCA","GASTROPODA","STYLOMMATOPHORA","RHYTIDIDAE",9007623,1996-08-01,"CR","2.3","B1+2d","B1ab(iv)",1,NA,NA,NA,NA,NA,NA,NA,NA,NA,NA,NA,NA,4,10,2,9,720,17,360,NA
"29","Speargrass Weevil","Hadramphus tuberculatus","ARTHROPODA","INSECTA","COLEOPTERA","CURCULIONIDAE",21424332,2013-12-19,"CR","3.1","B1ab(v)+2ab(v)","B1ab(v)+2ab(v)",1,"Unknown","Yes","No",NA,NA,NA,NA,"Yes","0.1","0.1","138","1",4,10,2,9,720,17,360,NA
"30",NA,"Octochaetus microchaetus","ANNELIDA","CLITELLATA","CRASSICLITELLATA","OCTOCHAETIDAE",103132180,2016-11-10,"CR","3.1","B1ab(iii,v)+2ab(iii,v)","B1ab(iii,v)+2ab(iii,v)",1,"Unknown","Yes","Yes",NA,NA,NA,NA,"Yes","4","26",NA,"1",4,10,2,9,720,17,360,NA
"31",NA,"Maoridrilus felix","ANNELIDA","CLITELLATA","CRASSICLITELLATA","ACANTHODRILIDAE",103193330,2016-11-01,"CR","3.1","B1ab(iii,v)+2ab(iii,v)","B1ab(iii,v)+2ab(iii,v)",1,"Unknown",NA,"Yes",NA,NA,NA,NA,"Yes","4","97",NA,"1",4,10,2,9,720,17,360,NA
"32",NA,"Aporodrilus mortenseni","ANNELIDA","CLITELLATA","CRASSICLITELLATA","MEGASCOLECIDAE",103193405,2016-11-23,"CR","3.1","B1ab(iii,v)+2ab(iii,v)","B1ab(iii,v)+2ab(iii,v)",1,"Decreasing","Yes","Yes",NA,NA,NA,NA,"Yes","4",NA,NA,"1",4,10,2,9,720,17,360,NA
"33",NA,"Perionychella ngakawau","ANNELIDA","CLITELLATA","CRASSICLITELLATA","MEGASCOLECIDAE",103193485,2016-11-29,"CR","3.1","B1ab(iii,v)+2ab(iii,v)","B1ab(iii,v)+2ab(iii,v)",1,"Decreasing",NA,"Yes",NA,NA,NA,NA,"Yes","4","7",NA,"1",4,10,2,9,720,17,360,NA
"34","Awakopaka Skink","Oligosoma awakopaka","CHORDATA","REPTILIA","SQUAMATA","SCINCIDAE",120192569,2018-02-17,"CR","3.1","B1ab(v)","B1ab(v)",1,"Decreasing","Yes",NA,NA,NA,NA,NA,"Unknown",NA,"10",NA,"1",4,10,2,9,720,17,360,NA
"35","Barrier Skink","Oligosoma judgei","CHORDATA","REPTILIA","SQUAMATA","SCINCIDAE",120192604,2018-02-17,"CR","3.1","B2ab(v)","B2ab(v)",1,"Stable","Yes","No",NA,NA,NA,NA,"Unknown",NA,NA,NA,"3",4,10,2,9,720,17,360,NA
"36","Sinbad Skink","Oligosoma pikitanga","CHORDATA","REPTILIA","SQUAMATA","SCINCIDAE",120192649,2018-02-18,"CR","3.1","B1ab(v)+2ab(v)","B1ab(v)+2ab(v)",1,"Decreasing","Yes",NA,NA,NA,NA,NA,"Yes","8","10","250-1000","1",4,10,2,9,720,17,360,NA
"37","Alborn Skink","Oligosoma albornense","CHORDATA","REPTILIA","SQUAMATA","SCINCIDAE",156729783,2019-10-30,"CR","3.1","B1ab(i,ii,iii,v)+2ab(i,ii,iii,v); C2a(ii)","B1ab(i,ii,iii,v)+2ab(i,ii,iii,v); C2a(ii)",1,"Decreasing","Yes","Yes","Yes","Yes","Yes",NA,"Yes","4","4","49-249","1",4,10,2,9,720,17,360,NA
"38",NA,"Ackama nubicola","TRACHEOPHYTA","MAGNOLIOPSIDA","OXALIDALES","CUNONIACEAE",243283498,2023-08-22,"CR","3.1","B1ab(iii,v)","B1ab(iii,v)",1,"Decreasing","Yes","Yes",NA,NA,NA,NA,NA,NA,"4-47","530-720","1",4,10,2,9,720,17,360,NA
"39","Mt Burnett Matipo","Myrsine argentea","TRACHEOPHYTA","MAGNOLIOPSIDA","ERICALES","PRIMULACEAE",243965282,2023-09-05,"CR","3.1","B2ab(iii,v)","B2ab(iii,v)",1,"Decreasing","Yes","Yes",NA,NA,NA,NA,NA,"4-8",NA,NA,"1",4,10,2,9,720,17,360,NA
"40",NA,"Clianthus magnificus","TRACHEOPHYTA","MAGNOLIOPSIDA","FABALES","FABACEAE",247987337,2025-03-21,"CR","3.1","C2a(i)","C2a(i)",1,"Decreasing","Yes","Yes",NA,NA,NA,NA,NA,NA,NA,"120",NA,4,10,2,8,640,40,320,NA
"41",NA,"Cirroctopus hochbergi","MOLLUSCA","CEPHALOPODA","OCTOPODA","CIRROCTOPODIDAE",999635,2014-08-20,"EN","3.1","A2bc; C1","A2bc; C1",1,"Decreasing",NA,"Yes",NA,NA,NA,NA,NA,NA,NA,"1000",NA,2,10,6,5,600,41,120,NA
"42","Black-fronted Tern","Chlidonias albostriatus","CHORDATA","AVES","CHARADRIIFORMES","LARIDAE",131931677,2022-07-25,"EN","3.1","A2bce+3bce+4bce; C2a(ii)","A2bce+3bce+4bce; C2a(ii)",1,"Decreasing","Yes","Yes","Unknown","Unknown","Yes","No","No",NA,"166000","1000-5000",NA,2,10,6,5,600,41,120,NA
"43","Kea","Nestor notabilis","CHORDATA","AVES","PSITTACIFORMES","STRIGOPIDAE",119243358,2017-10-01,"EN","3.1","A2be+4be","A2be+4be",1,"Decreasing","Yes","Unknown","Unknown","Unknown","Unknown","Unknown","No",NA,"119000","4000","11-100",2,10,6,4,480,43,120,NA
"44","Yellow-eyed Penguin","Megadyptes antipodes","CHORDATA","AVES","SPHENISCIFORMES","SPHENISCIDAE",182703046,2020-08-21,"EN","3.1","A2ade+4abde","A2ade+4abde",1,"Decreasing","Yes","Yes","No","No","Unknown","Unknown","No",NA,"395000","2600-3000","8-9",2,10,6,4,480,43,120,NA
"45",NA,"Kuschelita inflata","MOLLUSCA","GASTROPODA","LITTORINIMORPHA","TATEIDAE",2540830,2011-07-28,"CR","3.1","B1ab(iii)+2ab(iii)","B1ab(iii)+2ab(iii)",1,"Unknown",NA,NA,NA,NA,NA,NA,NA,NA,NA,NA,NA,4,10,1,9,360,45,360,NA
"46",NA,"Kuschelita mica","MOLLUSCA","GASTROPODA","LITTORINIMORPHA","TATEIDAE",2540941,2011-07-28,"CR","3.1","B1ab(iii)+2ab(iii)","B1ab(iii)+2ab(iii)",1,"Unknown",NA,NA,NA,NA,NA,NA,NA,NA,NA,NA,NA,4,10,1,9,360,45,360,NA
"47",NA,"Leptopyrgus manneringi","MOLLUSCA","GASTROPODA","LITTORINIMORPHA","TATEIDAE",2541051,2011-07-28,"EN","3.1","B1ab(i,ii,iii,iv,v)+2ab(i,ii,iii,iv,v)","B1ab(i,ii,iii,iv,v)+2ab(i,ii,iii,iv,v)",1,"Decreasing",NA,NA,NA,NA,NA,NA,NA,"1-4","4",NA,"2",2,10,2,9,360,45,180,NA
"48","Shortjaw Kokopu","Galaxias postvectis","CHORDATA","ACTINOPTERYGII","OSMERIFORMES","GALAXIIDAE",3147213,2014-08-14,"EN","3.1","A2bc; B2ab(iii,v)","A2bc; B2ab(iii,v)",1,"Decreasing",NA,NA,NA,NA,NA,NA,NA,"18.5","7077",NA,NA,2,10,6,3,360,45,120,NA
"49","Cromwell Chafer Beetle","Prodontria lewisi","ARTHROPODA","INSECTA","COLEOPTERA","SCARABAEIDAE",7949610,1996-08-01,"CR","2.3","B1+2c","B1ab(iii)",1,NA,NA,NA,NA,NA,NA,NA,NA,NA,NA,NA,NA,4,10,1,9,360,45,360,NA
"50",NA,"Rhytida clarki","MOLLUSCA","GASTROPODA","STYLOMMATOPHORA","RHYTIDIDAE",9007575,1996-08-01,"CR","2.3","B1+2ab","B1ab(i,ii)",1,NA,NA,NA,NA,NA,NA,NA,NA,NA,NA,NA,NA,4,10,1,9,360,45,360,NA
"51",NA,"Puccinellia raroflorens","TRACHEOPHYTA","LILIOPSIDA","POALES","POACEAE",44502792,2009-04-23,"CR","3.1","B2ab(iii)","B2ab(iii)",1,"Unknown",NA,NA,NA,NA,NA,NA,NA,"4","400","20000","2",4,10,1,9,360,45,360,NA
"52",NA,"Brachyglottis pentacopa","TRACHEOPHYTA","MAGNOLIOPSIDA","ASTERALES","ASTERACEAE",62592931,2025-05-08,"CR","3.1","B1ab(iii)+2ab(iii)","B1ab(iii)+2ab(iii)",1,"Unknown",NA,"Yes",NA,NA,NA,NA,NA,"4","4",NA,"1",4,10,1,9,360,45,360,NA
"53","Chatham Island Akeake","Olearia traversiorum","TRACHEOPHYTA","MAGNOLIOPSIDA","ASTERALES","ASTERACEAE",62768462,2025-05-01,"EN","3.1","A3cde","A3cde",1,"Decreasing","Yes","Yes","Yes","Yes","Yes",NA,NA,NA,"100-5000",NA,"7",2,10,6,3,360,45,120,NA
"54",NA,"Octochaetus levis","ANNELIDA","CLITELLATA","CRASSICLITELLATA","OCTOCHAETIDAE",103132170,2016-11-10,"CR","3.1","B1ab(iii)+2ab(iii)","B1ab(iii)+2ab(iii)",1,"Unknown",NA,"Yes",NA,NA,NA,NA,"Yes","4","50",NA,"1",4,10,1,9,360,45,360,NA
"55","Hutton's Toke","Tokea huttoni","ANNELIDA","CLITELLATA","CRASSICLITELLATA","MEGASCOLECIDAE",103193515,2016-12-02,"EN","3.1","B1ab(iii,v)+2ab(iii,v)","B1ab(iii,v)+2ab(iii,v)",1,"Decreasing","Yes","Yes",NA,NA,NA,NA,"Yes","4-20","84",NA,"1",2,10,2,9,360,45,180,NA
"56","Kirk's Toke","Tokea kirki","ANNELIDA","CLITELLATA","CRASSICLITELLATA","MEGASCOLECIDAE",103193520,2016-12-02,"EN","3.1","B1ab(iii,v)+2ab(iii,v)","B1ab(iii,v)+2ab(iii,v)",1,"Decreasing","Yes","Yes",NA,NA,NA,NA,"Unknown","4-20","16-23",NA,NA,2,10,2,9,360,45,180,NA
"57","One Spot Worm","Tokea unipapillata","ANNELIDA","CLITELLATA","CRASSICLITELLATA","MEGASCOLECIDAE",103193570,2016-12-05,"EN","3.1","B1ab(iii,v)+2ab(iii,v)","B1ab(iii,v)+2ab(iii,v)",1,"Unknown","Yes","Yes",NA,NA,NA,NA,"Unknown","4-20","90",NA,"1-5",2,10,2,9,360,45,180,NA
"58","Spotted Skink","Oligosoma lineoocellatum","CHORDATA","REPTILIA","SQUAMATA","SCINCIDAE",120192619,2018-02-17,"EN","3.1","A2be+4be; B2ab(iii,v)","A2be+4be; B2ab(iii,v)",1,"Decreasing","Yes","Yes",NA,NA,"Unknown",NA,NA,"116","10624.7",NA,NA,2,10,6,3,360,45,120,NA
"59",NA,"Russula pleurogena","BASIDIOMYCOTA","AGARICOMYCETES","RUSSULALES","RUSSULACEAE",154293720,2019-07-25,"EN","3.1","C2a(ii)","C2a(ii)",1,"Decreasing","Yes",NA,NA,NA,NA,NA,NA,"4",NA,"1500",NA,2,10,2,9,360,45,180,NA
"60","Whenua Hou Diving-petrel","Pelecanoides whenuahouensis","CHORDATA","AVES","PROCELLARIIFORMES","PROCELLARIIDAE",155188651,2019-08-14,"CR","3.1","B2ab(iii)","B2ab(iii)",1,"Increasing","No","Yes","No","Unknown","Unknown","No","Yes","4-8","1130000","200","1",4,10,1,9,360,45,360,NA
"61",NA,"Lactarius novae-zelandiae","BASIDIOMYCOTA","AGARICOMYCETES","RUSSULALES","RUSSULACEAE",80188421,2017-03-10,"EN","3.1","B2ab(iii); C2a(i); D","B2ab(iii); C2a(i); D",1,"Decreasing","Yes","Yes","Yes",NA,"Unknown","Yes","Yes","20",NA,"100","5",2,10,2,8,320,61,160,NA
"62",NA,"Boletopsis nothofagi","BASIDIOMYCOTA","AGARICOMYCETES","THELEPHORALES","BANKERACEAE",95382635,2015-06-26,"EN","3.1","B2ab(ii,iii,v); D","B2ab(ii,iii,v); D",1,"Decreasing","Yes","Yes",NA,NA,"Yes",NA,NA,"35","5000","100",NA,2,10,2,8,320,61,160,NA
"63",NA,"Abstoma purpureum","BASIDIOMYCOTA","AGARICOMYCETES","AGARICALES","AGARICACEAE",154222730,2019-07-23,"EN","3.1","D","D",1,"Decreasing",NA,NA,NA,NA,NA,NA,NA,"12","4000","0-750,225",NA,2,10,2,8,320,61,160,NA
"64",NA,"Hypocreopsis amplectens","ASCOMYCOTA","SORDARIOMYCETES","HYPOCREALES","HYPOCREACEAE",185681031,2019-07-26,"CR","3.1","C2a(i)","C2a(i)",2,"Decreasing","Yes",NA,NA,NA,NA,NA,NA,NA,NA,"50-400, 200",NA,4,5,2,8,320,61,160,NA
"65",NA,"Deinodrilus gorgon","ANNELIDA","CLITELLATA","CRASSICLITELLATA","OCTOCHAETIDAE",103193365,2016-10-18,"EN","3.1","B1ab(iii,v)+2ab(iii,v)","B1ab(iii,v)+2ab(iii,v)",1,"Unknown","Yes","Yes",NA,NA,NA,NA,"Yes","12-16","1054",NA,"3-4",2,10,2,7,280,65,140,NA
"66",NA,"Deinodrilus medusa","ANNELIDA","CLITELLATA","CRASSICLITELLATA","OCTOCHAETIDAE",103193370,2016-10-19,"EN","3.1","B1ab(iii,v)+2ab(iii,v)","B1ab(iii,v)+2ab(iii,v)",1,"Unknown",NA,"Yes",NA,NA,NA,NA,"Yes","4-20","931",NA,"1-5",2,10,2,7,280,65,140,NA
"67",NA,"Octochaetus diememoratio","ANNELIDA","CLITELLATA","CRASSICLITELLATA","OCTOCHAETIDAE",103193380,2016-12-10,"EN","3.1","B1ab(iii,v)+2ab(iii,v)","B1ab(iii,v)+2ab(iii,v)",1,"Decreasing","Yes","Yes",NA,NA,NA,NA,"Yes","4-20","6-484",NA,"1-5",2,10,2,7,280,65,140,NA
"68",NA,"Octochaetus kenleei","ANNELIDA","CLITELLATA","CRASSICLITELLATA","OCTOCHAETIDAE",103193385,2016-11-10,"EN","3.1","B1ab(iii,v)+2ab(iii,v)","B1ab(iii,v)+2ab(iii,v)",1,"Unknown","Yes","Yes",NA,"Unknown",NA,NA,"Yes","4-20","6-484",NA,"1-5",2,10,2,7,280,65,140,NA
"69",NA,"Zacharius obo","ANNELIDA","CLITELLATA","CRASSICLITELLATA","MEGASCOLECIDAE",103193590,2016-12-05,"EN","3.1","B1ab(iii,v)+2ab(iii,v)","B1ab(iii,v)+2ab(iii,v)",1,"Unknown","Yes","Yes",NA,NA,NA,NA,"Yes","4-20","6-484",NA,"1-5",2,10,2,7,280,65,140,NA
"70","Stephen’s Sticky-toed Gecko","Toropuku stephensi","CHORDATA","REPTILIA","SQUAMATA","DIPLODACTYLIDAE",120187688,2018-02-17,"EN","3.1","B2ab(iii,v)","B2ab(iii,v)",1,"Unknown","Yes","Yes",NA,NA,NA,NA,"Yes","84","9626.2",NA,"3",2,10,2,7,280,65,140,NA
"71","Harlequin Gecko","Tukutuku rakiurae","CHORDATA","REPTILIA","SQUAMATA","DIPLODACTYLIDAE",120188000,2018-02-17,"EN","3.1","B1ab(v)+2ab(v)","B1ab(v)+2ab(v)",1,"Decreasing","Yes",NA,NA,NA,NA,NA,"Yes","128","425.5",NA,"1",2,10,2,7,280,65,140,NA
"72","Whitaker's Skink","Oligosoma whitakeri","CHORDATA","REPTILIA","SQUAMATA","SCINCIDAE",120190515,2019-02-28,"EN","3.1","B2ab(v)","B2ab(v)",1,"Stable","Yes",NA,NA,NA,NA,NA,"Yes","12",NA,"250-1000","3",2,10,2,7,280,65,140,NA
"73","Open Bay Islands Skink","Oligosoma taumakae","CHORDATA","REPTILIA","SQUAMATA","SCINCIDAE",120192684,2018-02-18,"EN","3.1","B1ab(v)+2ab(v)","B1ab(v)+2ab(v)",1,"Decreasing","Yes","Unknown","Unknown",NA,NA,NA,"Yes","12","3898","250-1000","2",2,10,2,7,280,65,140,NA
"74","Nevis Skink","Oligosoma toka","CHORDATA","REPTILIA","SQUAMATA","SCINCIDAE",120192694,2018-02-18,"EN","3.1","B1ab(v)+2ab(v)","B1ab(v)+2ab(v)",1,"Decreasing","Yes","Unknown",NA,NA,NA,NA,"Yes","20","295.2",NA,"2",2,10,2,7,280,65,140,NA
"75","Hooker's Sealion","Phocarctos hookeri","CHORDATA","MAMMALIA","CARNIVORA","OTARIIDAE",1306343,2014-11-18,"EN","3.1","A4bd","A4bd",2,"Decreasing","Yes","No","No","No","No","No","No","882408","939120","3031",NA,2,5,6,4,240,75,60,NA
"76","Hector's Dolphin","Cephalorhynchus hectori","CHORDATA","MAMMALIA","ARTIODACTYLA","DELPHINIDAE",44199757,2008-07-01,"EN","3.1","A4d","A4d",1,"Decreasing",NA,NA,NA,NA,NA,NA,NA,NA,NA,"7381-7381",NA,2,10,6,2,240,75,120,NA
"77","Otago Skink","Oligosoma otagense","CHORDATA","REPTILIA","SQUAMATA","SCINCIDAE",120190794,2018-02-17,"EN","3.1","B2ab(v)","B2ab(v)",1,"Decreasing","Yes",NA,NA,NA,NA,NA,NA,"272","9520.5","250-1000","2",2,10,2,6,240,75,120,NA
"78","Small-eared Skink","Oligosoma stenotis","CHORDATA","REPTILIA","SQUAMATA","SCINCIDAE",120192679,2019-12-17,"EN","3.1","B1ab(v)","B1ab(v)",1,"Decreasing","Yes",NA,NA,NA,NA,NA,NA,NA,"1200",NA,"1",2,10,2,6,240,75,120,NA
"79","Kakerakau skink","Oligosoma kakerakau","CHORDATA","REPTILIA","SQUAMATA","SCINCIDAE",208608745,2023-07-31,"EN","3.1","B1ab(i,ii,iii)+2ab(i,ii,iii)","B1ab(i,ii,iii)+2ab(i,ii,iii)",1,"Decreasing",NA,"Yes",NA,NA,NA,NA,NA,"12","33035",NA,"1",2,10,2,6,240,75,120,NA
"80","Rock Wren","Xenicus gilviventris","CHORDATA","AVES","PASSERIFORMES","ACANTHISITTIDAE",214186575,2022-06-09,"EN","3.1","A2ce+3ce+4ce","A2ce+3ce+4ce",1,"Decreasing","Yes","Unknown","Unknown","Unknown","Yes","Yes","No",NA,"79900","1250-6000, 5000",NA,2,10,6,2,240,75,120,NA
"81",NA,"Olearia crebra","TRACHEOPHYTA","MAGNOLIOPSIDA","ASTERALES","ASTERACEAE",243965302,2023-08-22,"EN","3.1","C2a(ii)","C2a(ii)",1,"Decreasing","Yes",NA,NA,NA,NA,NA,NA,NA,NA,"820-1080, 900",NA,2,10,2,6,240,75,120,NA
"82","New Zealand Flax Snail","Placostylus hongii","MOLLUSCA","GASTROPODA","STYLOMMATOPHORA","ORTHALICIDAE",7076196,1996-08-01,"VU","2.3","C1+2a, D2","C1+2a(i);D2",1,NA,NA,NA,NA,NA,NA,NA,NA,NA,NA,NA,NA,1,10,3,7,210,82,70,NA
"83","Hectors tree daisy","Olearia hectorii","TRACHEOPHYTA","MAGNOLIOPSIDA","ASTERALES","ASTERACEAE",9851933,1998-01-01,"EN","2.3","C2a","C2a(i)",1,NA,NA,NA,NA,NA,NA,NA,NA,NA,NA,NA,NA,2,10,2,5,200,83,100,NA
"84",NA,"Olearia polita","TRACHEOPHYTA","MAGNOLIOPSIDA","ASTERALES","ASTERACEAE",9852060,1998-01-01,"EN","2.3","C2b","C2a(ii)",1,NA,NA,NA,NA,NA,NA,NA,NA,NA,NA,NA,NA,2,10,2,5,200,83,100,NA
"85","New Zealand Greater Short-tailed Bat","Mystacina robusta","CHORDATA","MAMMALIA","CHIROPTERA","MYSTACINIDAE",22070387,2020-10-15,"CR","3.1","D","D",1,"Unknown",NA,NA,NA,NA,NA,NA,NA,NA,NA,"0-50",NA,4,10,0.5,10,200,83,400,NA
"86","Chatham Island Christmas Tree","Brachyglottis huntii","TRACHEOPHYTA","MAGNOLIOPSIDA","ASTERALES","ASTERACEAE",62490323,2025-05-07,"EN","3.1","B1ab(iii,v)+2ab(iii,v)","B1ab(iii,v)+2ab(iii,v)",1,"Decreasing","Yes","Yes",NA,NA,NA,NA,NA,"8-500","100-5000","6000-10000","2",2,10,2,5,200,83,100,NA
"87",NA,"Brachyglottis perdicioides","TRACHEOPHYTA","MAGNOLIOPSIDA","ASTERALES","ASTERACEAE",62588845,2025-05-08,"EN","3.1","B1ab(iii,v)+2ab(iii,v)","B1ab(iii,v)+2ab(iii,v)",1,"Decreasing","Yes","Yes",NA,NA,NA,NA,NA,"20-500","20-5000","500-1500","5",2,10,2,5,200,83,100,NA
"88","Grand Skink","Oligosoma grande","CHORDATA","REPTILIA","SQUAMATA","SCINCIDAE",120190579,2018-02-18,"EN","3.1","B2ab(ii,iii,iv)","B2ab(ii,iii,iv)",1,"Stable","Unknown","Yes","Unknown","Unknown","Yes","Yes",NA,"204","9719.8",NA,"2",2,10,2,5,200,83,100,NA
"89","Slight Skink","Oligosoma levidensum","CHORDATA","REPTILIA","SQUAMATA","SCINCIDAE",120192614,2019-02-28,"EN","3.1","B1ab(iii,v)+2ab(iii,v)","B1ab(iii,v)+2ab(iii,v)",1,"Decreasing","Yes","Yes",NA,NA,NA,NA,NA,"48","174.8",NA,"2",2,10,2,5,200,83,100,NA
"90",NA,"Gloeocantharellus dingleyae","BASIDIOMYCOTA","AGARICOMYCETES","GOMPHALES","GOMPHACEAE",154264954,2019-07-24,"EN","3.1","C2a(ii)","C2a(ii)",1,"Decreasing","Yes",NA,NA,NA,NA,NA,NA,NA,NA,"1500",NA,2,10,2,5,200,83,100,NA
"91",NA,"Xerocomus griseo-olivaceus","BASIDIOMYCOTA","AGARICOMYCETES","BOLETALES","BOLETACEAE",155202938,2019-07-26,"EN","3.1","C2a(ii)","C2a(ii)",1,"Decreasing","Yes",NA,NA,NA,NA,"No",NA,NA,NA,"1500",NA,2,10,2,5,200,83,100,NA
"92","Blue Duck","Hymenolaimus malacorhynchos","CHORDATA","AVES","ANSERIFORMES","ANATIDAE",214275489,2022-06-28,"EN","3.1","C2a(i)","C2a(i)",1,"Decreasing","Yes","Yes","Unknown","Unknown","Yes","Unknown","No",NA,"199000","1500-2499",NA,2,10,2,5,200,83,100,NA
"93","Black Stilt","Himantopus novaezelandiae","CHORDATA","AVES","CHARADRIIFORMES","RECURVIROSTRIDAE",261945463,2024-07-13,"CR","3.1","D","D",1,"Unknown","Unknown","Unknown","Unknown","Unknown","Unknown",NA,"Unknown",NA,"7600","1-49","1",4,10,0.5,10,200,83,400,NA
"94","Lowland Longjaw Galaxias","Galaxias cobitinis","CHORDATA","ACTINOPTERYGII","OSMERIFORMES","GALAXIIDAE",2481368,2014-07-30,"CR","3.1","B2ac(iv)","B2ac(iv)",1,"Unknown",NA,NA,NA,NA,NA,NA,NA,"2.4","1550",NA,NA,4,10,0.5,9,180,94,360,NA
"95","Dwarf Inanga","Galaxias gracilis","CHORDATA","ACTINOPTERYGII","OSMERIFORMES","GALAXIIDAE",3147146,2014-07-30,"VU","3.1","D2","D2",1,"Decreasing",NA,NA,NA,NA,NA,NA,NA,"2.9","2.9",NA,"8",1,10,2,9,180,94,90,NA
"96",NA,"Diporochaeta pounamu","ANNELIDA","CLITELLATA","CRASSICLITELLATA","MEGASCOLECIDAE",103193460,2016-11-28,"EN","3.1","B1ab(iii)+2ab(iii)","B1ab(iii)+2ab(iii)",1,"Unknown",NA,"Yes",NA,NA,NA,NA,"Yes","4","484",NA,"1-5",2,10,1,9,180,94,180,NA
"97","Taieri Flathead Galaxias","Galaxias depressiceps","CHORDATA","ACTINOPTERYGII","OSMERIFORMES","GALAXIIDAE",176386709,2014-07-30,"VU","3.1","D2","D2",1,"Decreasing",NA,NA,NA,NA,NA,NA,NA,"3.5","1332",NA,NA,1,10,2,9,180,94,90,NA
"98","Big-crested Penguin","Eudyptes sclateri","CHORDATA","AVES","SPHENISCIFORMES","SPHENISCIDAE",131879000,2020-08-21,"EN","3.1","A2b; B1ab(ii,v)+2ab(ii,v)","A2b; B1ab(ii,v)+2ab(ii,v)",5,"Decreasing","Yes","Unknown","No","No","Yes","Unknown","Yes","136","1300","150000","1-5",2,2,6,7,168,98,28,NA
"99","Northern Tree Gecko","Naultinus manukanus","CHORDATA","REPTILIA","SQUAMATA","DIPLODACTYLIDAE",120191682,2018-02-25,"EN","3.1","B1ab(v)+2ab(v)","B1ab(v)+2ab(v)",1,"Unknown","Yes",NA,NA,NA,NA,NA,NA,"136","4067.66",NA,"4",2,10,2,4,160,99,80,NA
"100","Marlborough Spotted Skink","Oligosoma elium","CHORDATA","REPTILIA","SQUAMATA","SCINCIDAE",120192584,2018-02-17,"EN","3.1","B2ab(iii,v)","B2ab(iii,v)",1,"Decreasing","Yes","Yes",NA,NA,NA,NA,NA,"124","9280.2","1000-5000",NA,2,10,2,4,160,99,80,NA
"101","The Fishy Pouch","Macrocystidia reducta","BASIDIOMYCOTA","AGARICOMYCETES","AGARICALES","MARASMIACEAE",154287014,2019-07-24,"EN","3.1","B1ab(iii,v)+2ab(iii,v)","B1ab(iii,v)+2ab(iii,v)",1,"Decreasing","Yes","Yes",NA,NA,NA,"Unknown",NA,"68","420","3600-6000",NA,2,10,2,4,160,99,80,NA
"102","Newman’s Speckled Skink","Oligosoma newmani","CHORDATA","REPTILIA","SQUAMATA","SCINCIDAE",156730802,2019-11-19,"VU","3.1","A2ce+4ce; B1ab(iii,v)","A2ce+4ce; B1ab(iii,v)",1,"Decreasing","Yes","Yes",NA,NA,NA,NA,NA,NA,"19825",NA,"3",1,10,4,4,160,99,40,NA
"103",NA,"Diporochaeta radula","ANNELIDA","CLITELLATA","CRASSICLITELLATA","MEGASCOLECIDAE",103193470,2016-11-28,"EN","3.1","B1ab(iii)+2ab(iii)","B1ab(iii)+2ab(iii)",1,"Unknown",NA,"Yes",NA,NA,NA,NA,"Yes","4-20","5-500",NA,"1-5",2,10,1,7,140,103,140,NA
"104","Antipodean Albatross","Diomedea antipodensis","CHORDATA","AVES","PROCELLARIIFORMES","DIOMEDEIDAE",132656045,2018-08-07,"EN","3.1","A4bde","A4bde",6,"Decreasing","Unknown","Unknown","Unknown","Unknown","Unknown","Unknown","Yes","670","47000000","50000","3",2,1.66666666666667,6,7,140,103,23.3333333333333,NA
"105","Black Mudfish","Neochanna diversus","CHORDATA","ACTINOPTERYGII","OSMERIFORMES","GALAXIIDAE",545893,2014-07-15,"EN","3.1","B2ab(ii,iii)","B2ab(ii,iii)",1,"Decreasing",NA,NA,NA,NA,NA,NA,NA,"261","10665",NA,NA,2,10,2,3,120,105,60,NA
"106","Hauhau","Neochanna apoda","CHORDATA","ACTINOPTERYGII","OSMERIFORMES","GALAXIIDAE",545955,2014-07-24,"EN","3.1","B2ab(i,ii,iii,iv)","B2ab(i,ii,iii,iv)",1,"Decreasing",NA,NA,NA,NA,NA,NA,NA,"149","5419",NA,NA,2,10,2,3,120,105,60,NA
"107","Dwarf Galaxias","Galaxias divergens","CHORDATA","ACTINOPTERYGII","OSMERIFORMES","GALAXIIDAE",2481541,2014-07-30,"EN","3.1","B2ab(ii,iii)","B2ab(ii,iii)",1,"Decreasing",NA,NA,NA,NA,NA,NA,NA,"18.5","6601",NA,NA,2,10,2,3,120,105,60,NA
"108","Bluegill Bully","Gobiomorphus hubbsi","CHORDATA","ACTINOPTERYGII","GOBIIFORMES","ELEOTRIDAE",2482164,2014-08-12,"VU","3.1","A4bc","A4bc",1,"Decreasing",NA,NA,NA,NA,NA,NA,NA,"42","9984",NA,NA,1,10,4,3,120,105,40,NA
"109",NA,"Meridiopyrgus murihiku","MOLLUSCA","GASTROPODA","LITTORINIMORPHA","TATEIDAE",2541558,2011-07-28,"EN","3.1","B1ab(iii)","B1ab(iii)",1,"Unknown",NA,"Yes",NA,NA,NA,NA,NA,NA,"2000",NA,"1",2,10,1,6,120,105,120,NA
"110","Giant Kokopu","Galaxias argenteus","CHORDATA","ACTINOPTERYGII","OSMERIFORMES","GALAXIIDAE",3147272,2014-07-07,"VU","3.1","A4ac","A4ac",1,"Decreasing",NA,NA,NA,NA,NA,NA,NA,"348","9654",NA,NA,1,10,4,3,120,105,40,NA
"111",NA,"Paxillostium nanum","MOLLUSCA","GASTROPODA","LITTORINIMORPHA","TATEIDAE",14694437,2011-07-29,"EN","3.1","B1ab(ii,iii,iv,v)","B1ab(ii,iii,iv,v)",1,"Decreasing",NA,NA,NA,NA,NA,NA,NA,NA,"3000",NA,NA,2,10,2,3,120,105,60,NA
"112",NA,"Antiponemertes allisonae","NEMERTEA","NEMERTEA","HOPLONEMERTEA","PROSORHOCHMIDAE",21426427,2013-01-28,"EN","3.1","B1ab(iii)+2ab(iii)","B1ab(iii)+2ab(iii)",1,"Unknown",NA,"Yes",NA,NA,NA,NA,"Unknown","50","400",NA,"1",2,10,1,6,120,105,120,NA
"113","Hamilton’s Kumarahou","Pomaderris hamiltonii","TRACHEOPHYTA","MAGNOLIOPSIDA","ROSALES","RHAMNACEAE",62794632,2023-09-09,"VU","3.1","A4ac","A4ac",1,"Decreasing","Yes","Yes",NA,NA,NA,NA,NA,"100",NA,NA,NA,1,10,4,3,120,105,40,NA
"114","Bunyip Egg","Claustula fischeri","BASIDIOMYCOTA","AGARICOMYCETES","PHALLALES","CLAUSTULACEAE",75720776,2015-06-25,"EN","3.1","B2ab(ii,iii,iv,v); C2a(i)","B2ab(ii,iii,iv,v); C2a(i)",2,"Decreasing","Yes","Yes","Unknown",NA,"Yes","Yes",NA,"360",NA,"850","40",2,5,2,6,120,105,60,NA
"115","Natural Tree Gecko","Naultinus rudis","CHORDATA","REPTILIA","SQUAMATA","DIPLODACTYLIDAE",120190538,2018-02-17,"EN","3.1","B1ab(iii,v)+2ab(iii,v)","B1ab(iii,v)+2ab(iii,v)",1,"Decreasing","Yes","Yes",NA,NA,NA,NA,NA,"68","3579",NA,NA,2,10,2,3,120,105,60,NA
"116","Small-scaled Skink","Oligosoma microlepis","CHORDATA","REPTILIA","SQUAMATA","SCINCIDAE",120190602,2018-02-17,"EN","3.1","B1ab(ii,iii,iv,v)+2ab(ii,iii,iv,v)","B1ab(ii,iii,iv,v)+2ab(ii,iii,iv,v)",1,"Decreasing","Yes","Yes","Yes",NA,"Yes","Yes",NA,"52","3063.4",NA,NA,2,10,2,3,120,105,60,NA
"117","Scree Skink","Oligosoma waimatense","CHORDATA","REPTILIA","SQUAMATA","SCINCIDAE",120191303,2018-02-18,"EN","3.1","B2ab(ii,iii,iv,v)","B2ab(ii,iii,iv,v)",1,"Decreasing","Yes","Yes","Yes",NA,"Yes","Yes",NA,"208",NA,"5000-20000",NA,2,10,2,3,120,105,60,NA
"118","Long-toed Skink","Oligosoma longipes","CHORDATA","REPTILIA","SQUAMATA","SCINCIDAE",120191326,2018-02-18,"EN","3.1","B1ab(v)+2ab(v)","B1ab(v)+2ab(v)",1,"Decreasing","Yes",NA,NA,NA,NA,NA,NA,"48","731.6",NA,NA,2,10,2,3,120,105,60,NA
"119","Jewelled Gecko","Naultinus gemmeus","CHORDATA","REPTILIA","SQUAMATA","DIPLODACTYLIDAE",120191388,2018-02-18,"EN","3.1","B2ab(iii,v)","B2ab(iii,v)",1,"Decreasing","Yes","Yes",NA,NA,NA,NA,NA,"496","85684",NA,NA,2,10,2,3,120,105,60,NA
"120","Brown Gecko","Woodworthia cf. brunnea","CHORDATA","REPTILIA","SQUAMATA","DIPLODACTYLIDAE",120192514,2018-02-17,"EN","3.1","B2ab(ii,iii,iv,v)","B2ab(ii,iii,iv,v)",1,"Decreasing","Yes","Yes",NA,NA,"Yes","Yes",NA,"212","13240",NA,NA,2,10,2,3,120,105,60,NA
"121","Takitimu Gecko","Mokopirirakau cryptozoicus","CHORDATA","REPTILIA","SQUAMATA","DIPLODACTYLIDAE",120192524,2018-02-17,"EN","3.1","B1ab(v)","B1ab(v)",1,"Decreasing","Yes",NA,NA,NA,NA,NA,NA,NA,"1801.5",NA,NA,2,10,2,3,120,105,60,NA
"122","Wellington Green Gecko","Naultinus punctatus","CHORDATA","REPTILIA","SQUAMATA","DIPLODACTYLIDAE",120192549,2018-03-13,"VU","3.1","A2cde+4cde","A2cde+4cde",1,"Decreasing",NA,"Unknown",NA,NA,"Yes",NA,"No","100",NA,NA,NA,1,10,4,3,120,105,40,NA
"123","Green Skink","Oligosoma chloronoton","CHORDATA","REPTILIA","SQUAMATA","SCINCIDAE",120192579,2018-02-17,"EN","3.1","B2ab(ii,iii,iv,v)","B2ab(ii,iii,iv,v)",1,"Decreasing","Yes","Yes","Yes",NA,"Yes","Yes",NA,"276",NA,NA,NA,2,10,2,3,120,105,60,NA
"124","Mackenzie Skink","Oligosoma prasinum","CHORDATA","REPTILIA","SQUAMATA","SCINCIDAE",120192659,2018-02-18,"EN","3.1","B1ab(iii,v)","B1ab(iii,v)",1,"Decreasing","Yes","Yes",NA,NA,NA,NA,NA,NA,"1561",NA,NA,2,10,2,3,120,105,60,NA
"125","Chatham Island Petrel","Pterodroma axillaris","CHORDATA","AVES","PROCELLARIIFORMES","PROCELLARIIDAE",132613763,2018-08-07,"VU","3.1","A2be+4be; D2","A2be+4be; D2",3,"Increasing","No","Unknown","Unknown","Unknown","Unknown","Unknown","Yes","2","46200000","1100","3",1,3.33333333333333,4,9,120,105,30,NA
"126",NA,"Berggrenia aurantiaca","ASCOMYCOTA","NOT ASSIGNED","NOT ASSIGNED","NOT ASSIGNED",154635630,2019-07-24,"VU","3.1","D1","D1",1,"Decreasing","Yes","Yes",NA,NA,NA,NA,NA,NA,NA,"400-600",NA,1,10,2,6,120,105,60,NA
"127",NA,"Myrsine umbricola","TRACHEOPHYTA","MAGNOLIOPSIDA","ERICALES","PRIMULACEAE",243965287,2025-05-08,"EN","3.1","B1ab(i,ii,iii,iv,v)","B1ab(i,ii,iii,iv,v)",1,"Decreasing","Yes","Yes","Yes","Yes","Yes",NA,NA,NA,"100-5000",NA,"1-5",2,10,2,3,120,105,60,NA
"128","Swamp Akeake","Olearia telmatica","TRACHEOPHYTA","MAGNOLIOPSIDA","ASTERALES","ASTERACEAE",243965312,2025-05-07,"EN","3.1","B1ab(i,ii,iii,iv,v)+2ab(i,ii,iii,iv,v)","B1ab(i,ii,iii,iv,v)+2ab(i,ii,iii,iv,v)",1,"Decreasing","Yes","Yes","Yes","Yes","Yes",NA,NA,"12-16","100-5000",NA,"3-5",2,10,2,3,120,105,60,NA
"129","Eyres Skink","Oligosoma repens","CHORDATA","REPTILIA","SQUAMATA","SCINCIDAE",120192664,2018-02-18,"VU","3.1","B1ab(v)","B1ab(v)",1,"Decreasing","Yes","Unknown",NA,NA,NA,"Unknown",NA,NA,"12794",NA,"2",1,10,2,5,100,129,50,NA
"130","Chevron Skink","Oligosoma homalonotum","CHORDATA","REPTILIA","SQUAMATA","SCINCIDAE",120192704,2018-02-17,"EN","3.1","B1ab(ii,iii)+2ab(ii,iii)","B1ab(ii,iii)+2ab(ii,iii)",1,"Stable",NA,"Yes",NA,NA,"Yes",NA,NA,"156","666",NA,"2",2,10,1,5,100,129,100,NA
"131","New Zealand Storm Petrel","Fregetta maoriana","CHORDATA","AVES","PROCELLARIIFORMES","OCEANITIDAE",132659638,2018-08-07,"CR","3.1","D","D",2,"Unknown","Unknown","No","Unknown","Unknown","Unknown","Unknown","No",NA,"1690000","1-49",NA,4,5,0.5,10,100,129,200,NA
"132","Kermadec Fumarole Worm","Acanthodrilus kermadecensis","ANNELIDA","CLITELLATA","CRASSICLITELLATA","ACANTHODRILIDAE",103118153,2016-10-14,"VU","3.1","D2","D2",1,"Unknown",NA,"Unknown","Yes","Unknown","Unknown",NA,"Yes","4","10",NA,"1",1,10,1,9,90,132,90,NA
"133",NA,"Decachaetus erici","ANNELIDA","CLITELLATA","CRASSICLITELLATA","ACANTHODRILIDAE",103193315,2016-10-17,"VU","3.1","D2","D2",1,"Unknown",NA,"Yes",NA,"Yes","Yes",NA,"Yes","4","4-800",NA,"1",1,10,1,9,90,132,90,NA
"134",NA,"Diplotrema bilboi","ANNELIDA","CLITELLATA","CRASSICLITELLATA","ACANTHODRILIDAE",103193325,2016-10-20,"VU","3.1","D2","D2",1,"Unknown",NA,"Yes",NA,NA,NA,NA,"Yes","4","4-800",NA,"1",1,10,1,9,90,132,90,NA
"135","Hutton's Shearwater","Puffinus huttoni","CHORDATA","AVES","PROCELLARIIFORMES","PROCELLARIIDAE",152719059,2019-06-14,"EN","3.1","B2ab(iii)","B2ab(iii)",2,"Stable","Unknown","Yes","Unknown","Unknown","No","Unknown","Yes","5","12300000",NA,"2",2,5,1,9,90,132,90,NA
"136",NA,"Bathyaustriella thionipta","MOLLUSCA","BIVALVIA","LUCINIDA","LUCINIDAE",157703061,2020-11-17,"EN","3.1","B1ab(iii)+2ab(iii)","B1ab(iii)+2ab(iii)",2,"Unknown",NA,"0-1",NA,NA,NA,NA,"Yes","8","1249.46",NA,"2",2,5,1,9,90,132,90,NA
"137","Pitt Island Longhorn Beetle","Xylotoles costatus","ARTHROPODA","INSECTA","COLEOPTERA","CERAMBYCIDAE",9424129,2004-04-30,"EN","3.1","D","D",1,"Unknown",NA,NA,NA,NA,NA,NA,NA,NA,NA,NA,NA,2,10,0.5,8,80,137,160,NA
"138","Striped Skink","Oligosoma striatum","CHORDATA","REPTILIA","SQUAMATA","SCINCIDAE",120191069,2018-02-17,"VU","3.1","B2ab(v)","B2ab(v)",1,"Decreasing","Yes",NA,NA,NA,NA,NA,NA,"0-2000",NA,NA,"3",1,10,2,4,80,137,40,NA
"139","Wrybill","Anarhynchus frontalis","CHORDATA","AVES","CHARADRIIFORMES","CHARADRIIDAE",131876706,2018-08-07,"VU","3.1","C2a(i)","C2a(i)",1,"Decreasing","Yes","Yes","Yes","Unknown","Yes","Unknown","No",NA,"23000","3000-3300","11-100",1,10,2,4,80,137,40,NA
"140","Bronzed Shag","Leucocarbo chalconotus","CHORDATA","AVES","SULIFORMES","PHALACROCORACIDAE",133556225,2018-08-09,"VU","3.1","C2a(i)","C2a(i)",1,"Decreasing","Yes","Yes","Yes","Unknown","Yes","Unknown","No","45","52900","3300-5300","13",1,10,2,4,80,137,40,NA
"141",NA,"Ganoderma sp. nov. 'Awaroa'","BASIDIOMYCOTA","AGARICOMYCETES","POLYPORALES","GANODERMATACEAE",154926197,2019-07-26,"EN","3.1","D","D",1,"Unknown",NA,NA,NA,NA,NA,NA,NA,NA,NA,"150-225",NA,2,10,0.5,8,80,137,160,NA
"142","Great Spotted Kiwi","Apteryx haastii","CHORDATA","AVES","STRUTHIONIFORMES","APTERYGIDAE",214091794,2022-08-10,"VU","3.1","A2be+3be+4be","A2be+3be+4be",1,"Decreasing","Yes","Unknown","Unknown","Unknown","Yes","Unknown","No",NA,"21900","9300",NA,1,10,4,2,80,137,40,NA
"143","New Zealand Kaka","Nestor meridionalis","CHORDATA","AVES","PSITTACIFORMES","STRIGOPIDAE",216083435,2022-07-29,"VU","3.1","A2ce","A2ce",1,"Decreasing","Yes","Yes","Unknown","Unknown","Unknown","Unknown","No",NA,"455000","2500-9999",NA,1,10,4,2,80,137,40,NA
"144",NA,"Coprosma pedicellata","TRACHEOPHYTA","MAGNOLIOPSIDA","GENTIANALES","RUBIACEAE",243965167,2023-08-27,"VU","3.1","C2a(i)","C2a(i)",1,"Decreasing","Yes","Yes","Yes",NA,"Yes","Yes",NA,"500",NA,"2000-3000",NA,1,10,2,4,80,137,40,NA
"145","Northern Royal Albatross","Diomedea sanfordi","CHORDATA","AVES","PROCELLARIIFORMES","DIOMEDEIDAE",132656392,2018-08-07,"EN","3.1","A4bc; B2ab(iii,v)","A4bc; B2ab(iii,v)",14,"Decreasing","Yes","Yes","Unknown","Unknown","Unknown","Unknown","Yes","8","115000000","17000","3-5",2,0.714285714285714,6,9,77.1428571428571,145,12.8571428571429,NA
"146","Pinnamin","Eudyptes moseleyi","CHORDATA","AVES","SPHENISCIFORMES","SPHENISCIDAE",184698049,2020-09-09,"EN","3.1","A2acde+3cde+4acde","A2acde+3cde+4acde",5,"Decreasing","Yes","Unknown","No","Unknown","Unknown","Unknown","No","250","1840000","413700","7",2,2,6,3,72,146,24,NA
"147",NA,"Hadopyrgus anops","MOLLUSCA","GASTROPODA","LITTORINIMORPHA","TATEIDAE",2540122,2011-07-27,"EN","3.1","B1ab(iii)","B1ab(iii)",1,"Unknown",NA,NA,NA,NA,NA,NA,NA,"24","4000",NA,NA,2,10,1,3,60,147,60,NA
"148",NA,"Hadopyrgus brevis","MOLLUSCA","GASTROPODA","LITTORINIMORPHA","TATEIDAE",2540204,2011-07-27,"EN","3.1","B1ab(iii)","B1ab(iii)",1,"Unknown",NA,NA,NA,NA,NA,NA,NA,"16","2000",NA,NA,2,10,1,3,60,147,60,NA
"149",NA,"Tongapyrgus subterraneus","MOLLUSCA","GASTROPODA","LITTORINIMORPHA","TATEIDAE",2545288,2011-07-29,"EN","3.1","B1ab(iii)","B1ab(iii)",1,"Unknown",NA,NA,NA,NA,NA,NA,NA,NA,"3000",NA,NA,2,10,1,3,60,147,60,NA
"150",NA,"Oligosoma inconspicuum","CHORDATA","REPTILIA","SQUAMATA","SCINCIDAE",120192599,2018-02-17,"VU","3.1","B2ab(iii,v)","B2ab(iii,v)",1,"Decreasing","Yes","Yes",NA,NA,NA,NA,"No","248","43614.4",NA,"5-10",1,10,2,3,60,147,30,NA
"151",NA,"Lophomyrtus obcordata","TRACHEOPHYTA","MAGNOLIOPSIDA","MYRTALES","MYRTACEAE",243965237,2025-05-06,"VU","3.1","B1ab(i,ii,iii,iv,v)","B1ab(i,ii,iii,iv,v)",1,"Decreasing","Yes","Yes","Yes","Yes","Yes",NA,NA,NA,"100-5000",NA,"10",1,10,2,3,60,147,30,NA
"152",NA,"Opacuincola caeca","MOLLUSCA","GASTROPODA","LITTORINIMORPHA","TATEIDAE",1927796,2011-07-22,"VU","3.1","D2","D2",1,"Unknown",NA,NA,NA,NA,NA,NA,NA,NA,"50",NA,"1",1,10,0.5,9,45,152,90,NA
"153",NA,"Hadopyrgus rawhiti","MOLLUSCA","GASTROPODA","LITTORINIMORPHA","TATEIDAE",2540468,2011-07-27,"VU","3.1","D2","D2",1,"Unknown",NA,NA,NA,NA,NA,NA,NA,"4-10","10-2500",NA,"1",1,10,0.5,9,45,152,90,NA
"154",NA,"Opacuincola cervicesmadentes","MOLLUSCA","GASTROPODA","LITTORINIMORPHA","TATEIDAE",2541979,2011-07-28,"VU","3.1","D2","D2",1,"Unknown",NA,NA,NA,NA,NA,NA,NA,NA,"50",NA,"1",1,10,0.5,9,45,152,90,NA
"155",NA,"Opacuincola dulcinella","MOLLUSCA","GASTROPODA","LITTORINIMORPHA","TATEIDAE",2542274,2011-07-28,"VU","3.1","D2","D2",1,"Unknown",NA,NA,NA,NA,NA,NA,NA,"4","1",NA,"1",1,10,0.5,9,45,152,90,NA
"156",NA,"Opacuincola eduardstraussi","MOLLUSCA","GASTROPODA","LITTORINIMORPHA","TATEIDAE",2542414,2011-07-28,"VU","3.1","D2","D2",1,"Unknown",NA,NA,NA,NA,NA,NA,NA,"4","4",NA,NA,1,10,0.5,9,45,152,90,NA
"157",NA,"Opacuincola johannstraussi","MOLLUSCA","GASTROPODA","LITTORINIMORPHA","TATEIDAE",2542903,2011-07-28,"VU","3.1","D2","D2",1,"Unknown",NA,NA,NA,NA,NA,NA,NA,"4","4",NA,"2",1,10,0.5,9,45,152,90,NA
"158",NA,"Opacuincola josefstraussi","MOLLUSCA","GASTROPODA","LITTORINIMORPHA","TATEIDAE",2543009,2011-07-28,"VU","3.1","D2","D2",1,"Unknown",NA,NA,NA,NA,NA,NA,NA,"4","1",NA,"2",1,10,0.5,9,45,152,90,NA
"159",NA,"Opacuincola lentesferens","MOLLUSCA","GASTROPODA","LITTORINIMORPHA","TATEIDAE",2543176,2011-07-28,"VU","3.1","D2","D2",1,"Unknown",NA,NA,NA,NA,NA,NA,NA,"1-9","1-10",NA,"1",1,10,0.5,9,45,152,90,NA
"160",NA,"Opacuincola ngatapuna","MOLLUSCA","GASTROPODA","LITTORINIMORPHA","TATEIDAE",2543375,2011-07-28,"VU","3.1","D2","D2",1,"Unknown",NA,NA,NA,NA,NA,NA,NA,"4-10","4-100",NA,"2",1,10,0.5,9,45,152,90,NA
"161",NA,"Opacuincola ovata","MOLLUSCA","GASTROPODA","LITTORINIMORPHA","TATEIDAE",2543493,2011-07-28,"VU","3.1","D2","D2",1,"Unknown",NA,NA,NA,NA,NA,NA,NA,"4-10","1-100",NA,"1",1,10,0.5,9,45,152,90,NA
"162",NA,"Opacuincola permutata","MOLLUSCA","GASTROPODA","LITTORINIMORPHA","TATEIDAE",2543610,2011-07-28,"VU","3.1","D2","D2",1,"Unknown",NA,NA,NA,NA,NA,NA,NA,"4","1-10",NA,"1",1,10,0.5,9,45,152,90,NA
"163",NA,"Vulcanidas insolatus","MOLLUSCA","BIVALVIA","MYTILIDA","MYTILIDAE",2691169,2020-12-27,"VU","3.1","D2","D2",1,"Unknown",NA,"Unknown",NA,NA,NA,NA,"Yes","8","40.14",NA,"1",1,10,0.5,9,45,152,90,NA
"164",NA,"Decachaetus minor","ANNELIDA","CLITELLATA","CRASSICLITELLATA","ACANTHODRILIDAE",103118158,2016-10-17,"VU","3.1","D2","D2",1,"Unknown",NA,NA,NA,NA,NA,NA,"Yes","4","25",NA,"1",1,10,0.5,9,45,152,90,NA
"165",NA,"Anisochaeta animae","ANNELIDA","CLITELLATA","CRASSICLITELLATA","MEGASCOLECIDAE",103193390,2016-11-22,"VU","3.1","D2","D2",1,"Unknown",NA,"Unknown",NA,NA,NA,NA,"Yes","4","4",NA,"1",1,10,0.5,9,45,152,90,NA
"166","Hardy’s Skink","Oligosoma hardyi","CHORDATA","REPTILIA","SQUAMATA","SCINCIDAE",120192589,2019-11-25,"VU","3.1","D2","D2",1,"Unknown",NA,NA,NA,NA,NA,NA,"Yes",NA,"24",NA,"1",1,10,0.5,9,45,152,90,NA
"167",NA,"Enigmaticolus marshalli","MOLLUSCA","GASTROPODA","NEOGASTROPODA","BUCCINIDAE",195295692,2021-02-17,"VU","3.1","D2","D2",1,"Unknown",NA,"Unknown",NA,NA,NA,NA,"Yes","4","4",NA,"1",1,10,0.5,9,45,152,90,NA
"168",NA,"Coprosma wallii","TRACHEOPHYTA","MAGNOLIOPSIDA","GENTIANALES","RUBIACEAE",62613569,2023-08-29,"VU","3.1","C2a(i)","C2a(i)",1,"Decreasing","Yes","Yes",NA,NA,NA,NA,NA,NA,NA,"6000-8000",NA,1,10,2,2,40,168,20,NA
"169",NA,"Olearia angulata","TRACHEOPHYTA","MAGNOLIOPSIDA","ASTERALES","ASTERACEAE",62760047,2025-05-12,"VU","3.1","B2ab(i,ii,iii,iv,v)","B2ab(i,ii,iii,iv,v)",1,"Decreasing","Yes","Yes","Yes","Yes","Yes",NA,NA,"500-2000",NA,"8000-10000","6-10",1,10,2,2,40,168,20,NA
"170","Starry Tree Gecko","Naultinus stellatus","CHORDATA","REPTILIA","SQUAMATA","DIPLODACTYLIDAE",120192554,2018-02-17,"VU","3.1","A2ae; B1ab(v)","A2ae; B1ab(v)",1,"Decreasing","Yes",NA,NA,NA,NA,NA,NA,NA,"12457","20000-100000",NA,1,10,4,1,40,168,40,NA
"171","Yellow-nosed Albatross","Thalassarche chlororhynchos","CHORDATA","AVES","PROCELLARIIFORMES","DIOMEDEIDAE",132645225,2018-08-07,"EN","3.1","A4bd; B2ab(v)","A4bd; B2ab(v)",12,"Decreasing","Yes","Unknown","Unknown","Unknown","Unknown","Unknown","No","80","29100000","35000-73500","4",2,0.833333333333333,6,4,40,168,10,NA
"172","Cobble Skink","Oligosoma robinsoni","CHORDATA","REPTILIA","SQUAMATA","SCINCIDAE",156731041,2019-11-19,"VU","3.1","A3ce; B1ab(v)","A3ce; B1ab(v)",1,"Decreasing","Yes","Yes",NA,NA,NA,NA,NA,NA,"10635",NA,NA,1,10,4,1,40,168,40,NA
"173","Tanguru","Olearia albida","TRACHEOPHYTA","MAGNOLIOPSIDA","ASTERALES","ASTERACEAE",243965292,2025-05-06,"VU","3.1","B2ab(i,ii,iii,iv,v)","B2ab(i,ii,iii,iv,v)",1,"Decreasing","Yes","Yes","Yes","Yes","Yes",NA,NA,"500-2000",NA,NA,"10",1,10,2,2,40,168,20,NA
"174",NA,"Leptopyrgus melbourni","MOLLUSCA","GASTROPODA","LITTORINIMORPHA","TATEIDAE",2541177,2011-07-28,"VU","3.1","D2","D2",1,"Unknown",NA,NA,NA,NA,NA,NA,NA,NA,"500",NA,"2",1,10,0.5,7,35,174,70,NA
"175",NA,"Potamopyrgus kaitunuparaoa","MOLLUSCA","GASTROPODA","LITTORINIMORPHA","TATEIDAE",2544558,2011-07-29,"VU","3.1","D2","D2",1,"Unknown",NA,NA,NA,NA,NA,NA,NA,NA,NA,NA,NA,1,10,0.5,7,35,174,70,NA
"176",NA,"Tongapyrgus kohitatea","MOLLUSCA","GASTROPODA","LITTORINIMORPHA","TATEIDAE",2545184,2011-07-29,"VU","3.1","D2","D2",1,"Unknown",NA,NA,NA,NA,NA,NA,NA,NA,"2500",NA,NA,1,10,0.5,7,35,174,70,NA
"177",NA,"Gigantidas gladius","MOLLUSCA","BIVALVIA","MYTILIDA","MYTILIDAE",2698047,2020-10-23,"VU","3.1","D2","D2",1,"Unknown",NA,"Unknown",NA,NA,NA,NA,"Yes","24","6861.661",NA,"3",1,10,0.5,7,35,174,70,NA
"178",NA,"Diporochaeta chathamensis","ANNELIDA","CLITELLATA","CRASSICLITELLATA","MEGASCOLECIDAE",103193430,2016-11-26,"VU","3.1","D2","D2",1,"Unknown",NA,NA,NA,NA,NA,NA,"Yes","4-20","1882",NA,"1-5",1,10,0.5,7,35,174,70,NA
"179","Aorangi Skink","Oligosoma roimata","CHORDATA","REPTILIA","SQUAMATA","SCINCIDAE",120192669,2019-12-12,"VU","3.1","D2","D2",1,"Unknown",NA,NA,NA,NA,NA,NA,"Yes","24",NA,NA,"1",1,10,0.5,7,35,174,70,NA
"180","Westland Black Petrel","Procellaria westlandica","CHORDATA","AVES","PROCELLARIIFORMES","PROCELLARIIDAE",132629809,2018-08-20,"EN","3.1","B2ab(iii)","B2ab(iii)",4,"Unknown","No","Yes","Unknown","Unknown","Unknown","No","Yes","16","30600000","7900-13700","2-5",2,2.5,1,7,35,174,35,NA
"181","Australasian Bittern","Botaurus poiciloptilus","CHORDATA","AVES","PELECANIFORMES","ARDEIDAE",217377735,2022-06-06,"VU","3.1","C2a(i)","C2a(i)",3,"Decreasing","Yes","Yes","Unknown","Unknown","Yes","Unknown","No",NA,"10200000","1000-2499","11-100",1,3.33333333333333,2,5,33.3333333333333,181,16.6666666666667,NA
"182",NA,"Anthracophyllum pallidum","BASIDIOMYCOTA","AGARICOMYCETES","AGARICALES","OMPHALOTACEAE",154708649,2019-07-25,"VU","3.1","D1","D1",1,"Unknown",NA,NA,NA,NA,NA,NA,NA,NA,NA,"450",NA,1,10,0.5,6,30,182,60,NA
"183",NA,"Cantharellus elsae","BASIDIOMYCOTA","AGARICOMYCETES","CANTHARELLALES","HYDNACEAE",223773463,2024-01-09,"VU","3.1","D1","D1",1,"Unknown",NA,NA,NA,NA,NA,NA,NA,NA,NA,"400-500",NA,1,10,0.5,6,30,182,60,NA
"184",NA,"Peripatoides indigo","ONYCHOPHORA","UDEONYCHOPHORA","EUONYCHOPHORA","PERIPATOPSIDAE",6184894,1996-08-01,"VU","2.3","B1+2cd","B1ab(iii,iv)",1,NA,NA,NA,NA,NA,NA,NA,NA,NA,NA,NA,NA,1,10,2,1,20,184,20,NA
"185","Flax Snail","Placostylus ambagiosus","MOLLUSCA","GASTROPODA","STYLOMMATOPHORA","ORTHALICIDAE",7072200,1996-08-01,"VU","2.3","B1+2abcde","B1ab(i,ii,iii,v)",1,NA,NA,NA,NA,NA,NA,NA,NA,NA,NA,NA,NA,1,10,2,1,20,184,20,NA
"186","West Coast Green Gecko","Naultinus tuberculatus","CHORDATA","REPTILIA","SQUAMATA","DIPLODACTYLIDAE",120192559,2018-02-17,"VU","3.1","B1ab(iii,v)","B1ab(iii,v)",1,"Decreasing","Yes","Yes",NA,NA,NA,NA,NA,NA,"14906.4",NA,NA,1,10,2,1,20,184,20,NA
"187","Fairy Tern","Sternula nereis","CHORDATA","AVES","CHARADRIIFORMES","LARIDAE",132568135,2018-08-07,"VU","3.1","C1","C1",3,"Decreasing","Yes","Unknown","Yes","Unknown","Unknown","Unknown","No",NA,"12000000","2500-9999","11-100",1,3.33333333333333,3,2,20,184,10,NA
"188","Parma Wallaby","Notamacropus parma","CHORDATA","MAMMALIA","DIPROTODONTIA","MACROPODIDAE",221038595,2024-11-21,"VU","3.1","B2ab(i,ii,iii,iv,v)","B2ab(i,ii,iii,iv,v)",2,"Decreasing","Yes","Yes","Yes","Yes","Yes","Yes","No","364-816,590","50800","8000","5-10",1,5,2,2,20,184,10,NA
"189","Stejneger's Petrel","Pterodroma longirostris","CHORDATA","AVES","PROCELLARIIFORMES","PROCELLARIIDAE",152684668,2019-06-13,"VU","3.1","D2","D2",11,"Decreasing","Unknown","Unknown","Unknown","Unknown","Unknown","Unknown","Yes","13","56600000","262000","1",1,0.909090909090909,2,7,12.7272727272727,189,6.36363636363636,NA
"190","Cook's Petrel","Pterodroma cookii","CHORDATA","AVES","PROCELLARIIFORMES","PROCELLARIIDAE",132616449,2018-08-16,"VU","3.1","A2e; D2","A2e; D2",23,"Increasing","No","Unknown","Unknown","Unknown","Unknown","Unknown","Yes","320","139000000","670000","2",1,0.434782608695652,4,7,12.1739130434783,190,3.04347826086956,NA
"191","Indian Yellow-nosed Albatross","Thalassarche carteri","CHORDATA","AVES","PROCELLARIIFORMES","DIOMEDEIDAE",132657962,2018-08-07,"EN","3.1","A4bde","A4bde",10,"Decreasing","Yes","Unknown","Unknown","Unknown","Unknown","Unknown","No","1400","43600000","82000","6-10",2,1,6,1,12,191,12,NA
"192",NA,"Peripatoides suteri","ONYCHOPHORA","UDEONYCHOPHORA","EUONYCHOPHORA","PERIPATOPSIDAE",6186515,1996-08-01,"VU","2.3","B1+2c","B1ab(iii)",1,NA,NA,NA,NA,NA,NA,NA,NA,NA,NA,NA,NA,1,10,1,1,10,192,10,NA
"193","Dalls Pittosporum","Pittosporum dallii","TRACHEOPHYTA","MAGNOLIOPSIDA","APIALES","PITTOSPORACEAE",9544235,1998-01-01,"VU","2.3","B1+2c","B1ab(iii)",1,NA,NA,NA,NA,NA,NA,NA,NA,NA,NA,NA,NA,1,10,1,1,10,192,10,NA
"194","Dark-mantled Sooty Albatross","Phoebetria fusca","CHORDATA","AVES","PROCELLARIIFORMES","DIOMEDEIDAE",132645596,2018-08-07,"EN","3.1","A4bd","A4bd",14,"Decreasing","Yes","Unknown","Unknown","Unknown","Unknown","Unknown","No","1900","76200000","21234-28656","6-10",2,0.714285714285714,6,1,8.57142857142857,194,8.57142857142857,NA
"195","Phoenix Petrel","Pterodroma alba","CHORDATA","AVES","PROCELLARIIFORMES","PROCELLARIIDAE",183088698,2020-08-25,"VU","3.1","A2bce; B2ab(ii,iv,v)","A2bce; B2ab(ii,iv,v)",15,"Decreasing","Yes","Unknown","Yes","Unknown","Yes","Yes","No","460","28800000","20000-30000","6-10",1,0.666666666666667,4,3,8,195,2.66666666666667,NA
"196","Gray-headed Albatross","Thalassarche chrysostoma","CHORDATA","AVES","PROCELLARIIFORMES","DIOMEDEIDAE",132644834,2018-08-07,"EN","3.1","A4bd","A4bd",18,"Decreasing","Yes","Unknown","Unknown","Unknown","Unknown","Unknown","No","1800","107000000","250000","11-100",2,0.555555555555556,6,1,6.66666666666667,196,6.66666666666667,NA
"197","Collared Petrel","Pterodroma leucoptera","CHORDATA","AVES","PROCELLARIIFORMES","PROCELLARIIDAE",132615952,2018-08-20,"VU","3.1","B2ab(ii,v); D2","B2ab(ii,v); D2",21,"Decreasing","Yes","Unknown","Unknown","Unknown","Yes","Unknown","Yes","20","152000000","2000-14000","7",1,0.476190476190476,2,7,6.66666666666667,197,3.33333333333333,NA
"198","Collared Petrel","Pterodroma brevipes","CHORDATA","AVES","PROCELLARIIFORMES","PROCELLARIIDAE",132617265,2018-08-07,"VU","3.1","C2a(i);D1","C2a(i);D1",21,"Decreasing","Yes","Unknown","Yes","Yes","Yes","Yes","No","140","35100000","670-6700",NA,1,0.476190476190476,2,6,5.71428571428571,198,2.85714285714286,NA
"199","Salvin's Albatross","Thalassarche salvini","CHORDATA","AVES","PROCELLARIIFORMES","DIOMEDEIDAE",132644161,2018-08-07,"VU","3.1","D2","D2",8,"Unknown","Unknown","Unknown","Unknown","Unknown","Unknown","Unknown","Yes","1","142000000","79990","2",1,1.25,0.5,9,5.625,199,11.25,NA
"200","Javan Rusa","Rusa timorensis","CHORDATA","MAMMALIA","ARTIODACTYLA","CERVIDAE",22156866,2014-11-17,"VU","3.1","C1","C1",11,"Decreasing","Yes","Yes",NA,NA,NA,NA,NA,NA,NA,"9999",NA,1,0.909090909090909,3,2,5.45454545454545,200,2.72727272727273,NA
"201","Pink-footed Shearwater","Ardenna creatopus","CHORDATA","AVES","PROCELLARIIFORMES","PROCELLARIIDAE",132633266,2018-08-07,"VU","3.1","D2","D2",14,"Unknown","Unknown","Unknown","Unknown","Unknown","Unknown","Unknown","Yes","150","45000000","59146","3",1,0.714285714285714,0.5,7,2.5,201,5,NA
"202","Wandering Albatross","Diomedea exulans","CHORDATA","AVES","PROCELLARIIFORMES","DIOMEDEIDAE",132640680,2018-08-07,"VU","3.1","A4bd","A4bd",29,"Decreasing","Yes","Unknown","Unknown","Unknown","Unknown","Unknown","No","1900","128000000","20100","11-100",1,0.344827586206897,4,1,1.37931034482759,202,1.37931034482759,NA
"203","Coastal Tree Broom","Carmichaelia muritai","TRACHEOPHYTA","MAGNOLIOPSIDA","FABALES","FABACEAE",9694330,1998-01-01,"CR","2.3","D","D",1,NA,NA,NA,NA,NA,NA,NA,NA,NA,NA,NA,NA,4,10,0,10,0,NA,400,1
"204","Long-tailed Wattled Bat","Chalinolobus tuberculatus","CHORDATA","MAMMALIA","CHIROPTERA","VESPERTILIONIDAE",21985132,2020-10-15,"CR","3.1","A2ace","A2ace",1,"Decreasing","Yes","Yes",NA,NA,NA,NA,NA,NA,NA,NA,NA,4,10,10,0,0,NA,400,1
"205","Three Kings Kaikomako","Pennantia baylisiana","TRACHEOPHYTA","MAGNOLIOPSIDA","APIALES","PENNANTIACEAE",62768931,2013-08-31,"CR","3.1","D","D",1,"Stable",NA,NA,NA,NA,NA,NA,NA,"0.5","0.5","1",NA,4,10,0,10,0,NA,400,1
"206",NA,"Opisthoteuthis chathamensis","MOLLUSCA","CEPHALOPODA","OCTOPODA","OPISTHOTEUTHIDAE",184253216,2014-08-20,"CR","3.1","A2b","A2b",1,"Decreasing",NA,NA,NA,NA,NA,NA,NA,NA,NA,NA,NA,4,10,10,0,0,NA,400,1
"207","Bubble Leaf","Lophomyrtus bullata","TRACHEOPHYTA","MAGNOLIOPSIDA","MYRTALES","MYRTACEAE",243965232,2023-09-08,"CR","3.1","A4ae","A4ae",1,"Decreasing",NA,NA,NA,NA,NA,NA,NA,NA,NA,NA,NA,4,10,10,0,0,NA,400,1
"208","Northland Horopito","Pseudowintera insperata","TRACHEOPHYTA","MAGNOLIOPSIDA","CANELLALES","WINTERACEAE",243965327,2025-04-28,"CR","3.1","D","D",1,"Stable",NA,NA,NA,NA,NA,NA,NA,NA,NA,"49",NA,4,10,0,10,0,NA,400,1
"209","Swamp Maire","Syzygium maire","TRACHEOPHYTA","MAGNOLIOPSIDA","MYRTALES","MYRTACEAE",243965342,2023-09-07,"CR","3.1","A3ce","A3ce",1,"Decreasing",NA,"Yes",NA,NA,NA,NA,NA,NA,NA,NA,NA,4,10,10,0,0,NA,400,1
"210","Pitpat","Pittosporum patulum","TRACHEOPHYTA","MAGNOLIOPSIDA","APIALES","PITTOSPORACEAE",9892459,1998-01-01,"EN","2.3","D","D",1,NA,NA,NA,NA,NA,NA,NA,NA,NA,NA,NA,NA,2,10,0,8,0,NA,160,8
"211","South Island Takahe","Porphyrio hochstetteri","CHORDATA","AVES","GRUIFORMES","RALLIDAE",170983662,2020-03-19,"EN","3.1","D","D",1,"Increasing","No","No","No","No","No","No","Yes","10-499","570","50-249","1-2",2,10,0,8,0,NA,160,8
"212","Chatham Island Pied Oystercatcher","Haematopus chathamensis","CHORDATA","AVES","CHARADRIIFORMES","HAEMATOPODIDAE",214047293,2022-04-12,"EN","3.1","D","D",1,"Stable","No","Unknown","Unknown","No","No","Unknown","No","24","2800","200-249",NA,2,10,0,8,0,NA,160,8
"213","Shore Dotterel","Thinornis novaeseelandiae","CHORDATA","AVES","CHARADRIIFORMES","CHARADRIIDAE",214215381,2022-06-16,"EN","3.1","D","D",1,"Increasing","No","Unknown","No","Unknown","Unknown","No","Yes","24","1500","170","2",2,10,0,8,0,NA,160,8
"214",NA,"Opisthoteuthis mero","MOLLUSCA","CEPHALOPODA","OCTOPODA","OPISTHOTEUTHIDAE",953097,2014-08-20,"EN","3.1","A2b","A2b",1,"Decreasing","Unknown",NA,NA,NA,NA,NA,NA,NA,NA,NA,NA,2,10,6,0,0,NA,120,12
"215","Longfinned Eel","Anguilla dieffenbachii","CHORDATA","ACTINOPTERYGII","ANGUILLIFORMES","ANGUILLIDAE",154802213,2018-11-08,"EN","3.1","A2bd","A2bd",1,"Unknown",NA,NA,NA,NA,NA,NA,NA,NA,NA,NA,NA,2,10,6,0,0,NA,120,12
"216",NA,"Macrolearia chathamica","TRACHEOPHYTA","MAGNOLIOPSIDA","ASTERALES","ASTERACEAE",243965247,2023-09-03,"EN","3.1","A4ace","A4ace",1,"Decreasing",NA,"Yes",NA,NA,NA,NA,NA,NA,NA,"20000",NA,2,10,6,0,0,NA,120,12
"217","New Zealand Sandalwood","Mida salicifolia","TRACHEOPHYTA","MAGNOLIOPSIDA","SANTALALES","SANTALACEAE",243965267,2023-09-08,"EN","3.1","A4ce","A4ce",1,"Decreasing",NA,"Yes",NA,NA,NA,NA,NA,NA,NA,"20000-100000",NA,2,10,6,0,0,NA,120,12
"218",NA,"Catapyrgus sororius","MOLLUSCA","GASTROPODA","LITTORINIMORPHA","TATEIDAE",2540037,2011-07-27,"VU","3.1","D2","D2",1,"Stable",NA,NA,NA,NA,NA,NA,NA,"4-10","4-150",NA,"1",1,10,0,9,0,NA,90,16
"219",NA,"Potamopyrgus doci","MOLLUSCA","GASTROPODA","LITTORINIMORPHA","TATEIDAE",2544395,2011-07-29,"VU","3.1","D2","D2",1,"Stable",NA,NA,NA,NA,NA,NA,NA,"4","0-1",NA,NA,1,10,0,9,0,NA,90,16
"220",NA,"Meryta sinclairii","TRACHEOPHYTA","MAGNOLIOPSIDA","APIALES","ARALIACEAE",62741816,2013-08-31,"VU","3.1","D2","D2",1,"Stable",NA,NA,NA,NA,NA,NA,"Yes","5","30",NA,NA,1,10,0,9,0,NA,90,16
"221","Stephens Island Frog","Leiopelma hamiltoni","CHORDATA","AMPHIBIA","ANURA","LEIOPELMATIDAE",66654406,2015-07-21,"VU","3.1","D1+2","D1+2",1,"Increasing","No","No","No","No","No","No","Yes","0-1","1-2","300-800","2",1,10,0,9,0,NA,90,16
"222","Maud Island Frog","Leiopelma pakeka","CHORDATA","AMPHIBIA","ANURA","LEIOPELMATIDAE",66690211,2015-07-21,"VU","3.1","D2","D2",1,"Stable","No",NA,"No","No","No","No","Yes","6","452","20500-35500","4",1,10,0,9,0,NA,90,16
"223","Three Kings Skink","Oligosoma fallai","CHORDATA","REPTILIA","SQUAMATA","SCINCIDAE",120191092,2019-11-15,"VU","3.1","D2","D2",1,"Stable",NA,NA,NA,NA,NA,NA,"Yes","24","24",NA,"1",1,10,0,9,0,NA,90,16
"224","Te Kakahu Skink","Oligosoma tekakahu","CHORDATA","REPTILIA","SQUAMATA","SCINCIDAE",120192689,2018-02-13,"VU","3.1","D1+2","D1+2",1,"Increasing","Unknown",NA,NA,NA,"Unknown",NA,"Yes","8",NA,"250-999","1",1,10,0,9,0,NA,90,16
"225","Bounty Island Shag","Leucocarbo ranfurlyi","CHORDATA","AVES","SULIFORMES","PHALACROCORACIDAE",133557244,2018-08-09,"VU","3.1","D1+2","D1+2",1,"Stable","Unknown","Unknown","Unknown","Unknown","Unknown","Unknown","Yes","1","2100","874-975","1",1,10,0,9,0,NA,90,16
"226","Snares Fernbird","Poodytes caudatus","CHORDATA","AVES","PASSERIFORMES","LOCUSTELLIDAE",208244295,2022-04-14,"VU","3.1","D2","D2",1,"Stable","No","Unknown","Unknown","No","No","Unknown","Yes","12","12","2000-3500, 3000","3",1,10,0,9,0,NA,90,16
"227","Chatham Island Black Robin","Petroica traversi","CHORDATA","AVES","PASSERIFORMES","PETROICIDAE",209015125,2021-10-21,"VU","3.1","D1+2","D1+2",1,"Stable","No","Unknown","No","No","No","No","Yes","24","24","290-310","2",1,10,0,9,0,NA,90,16
"228","Antipodes Green Parakeet","Cyanoramphus unicolor","CHORDATA","AVES","PSITTACIFORMES","PSITTACIDAE",213655486,2022-02-04,"VU","3.1","D2","D2",1,"Stable","No","No","No","No","No","No","Yes","84","84","2000-3000","5",1,10,0,9,0,NA,90,16
"229","Chatham Parakeet","Cyanoramphus forbesi","CHORDATA","AVES","PSITTACIFORMES","PSITTACIDAE",213712534,2022-02-07,"VU","3.1","D1+2","D1+2",1,"Stable","No","No","Unknown","No","No","Unknown","Yes","12","12","250-999","2",1,10,0,9,0,NA,90,16
"230","Snares Tomtit","Petroica dannefaerdi","CHORDATA","AVES","PASSERIFORMES","PETROICIDAE",213934065,2022-04-14,"VU","3.1","D1+2","D1+2",1,"Stable","No","Unknown","Unknown","No","No","Unknown","Yes","12","12","250-999","2",1,10,0,9,0,NA,90,16
"231","Stitchbird","Notiomystis cincta","CHORDATA","AVES","PASSERIFORMES","NOTIOMYSTIDAE",214276713,2022-05-24,"VU","3.1","D2","D2",1,"Stable","No","Unknown","No","No","No","No","Yes","48","48","2500-3400, 3100","1",1,10,0,9,0,NA,90,16
"232","Pupuharakeke","Placostylus bollonsi","MOLLUSCA","GASTROPODA","STYLOMMATOPHORA","ORTHALICIDAE",7074297,1996-08-01,"VU","2.3","D2","D2",1,NA,NA,NA,NA,NA,NA,NA,NA,NA,NA,NA,NA,1,10,0,7,0,NA,70,30
"233","Cord Broom","Carmichaelia stevensonii","TRACHEOPHYTA","MAGNOLIOPSIDA","FABALES","FABACEAE",9546933,1998-01-01,"VU","2.3","D2","D2",1,NA,NA,NA,NA,NA,NA,NA,NA,NA,NA,NA,NA,1,10,0,7,0,NA,70,30
"234","Poor Knights Weta","Deinacrida fallai","ARTHROPODA","INSECTA","ORTHOPTERA","STENOPELMATIDAE",12602183,1996-08-01,"VU","2.3","D2","D2",1,NA,NA,NA,NA,NA,NA,NA,NA,NA,NA,NA,NA,1,10,0,7,0,NA,70,30
"235","Wetapunga","Deinacrida heteracantha","ARTHROPODA","INSECTA","ORTHOPTERA","STENOPELMATIDAE",12602299,1996-08-01,"VU","2.3","D2","D2",1,NA,NA,NA,NA,NA,NA,NA,NA,NA,NA,NA,NA,1,10,0,7,0,NA,70,30
"236","Stephens Island Weta","Deinacrida rugosa","ARTHROPODA","INSECTA","ORTHOPTERA","STENOPELMATIDAE",12602415,1996-08-01,"VU","2.3","D2","D2",1,NA,NA,NA,NA,NA,NA,NA,NA,NA,NA,NA,NA,1,10,0,7,0,NA,70,30
"237","Alan's Skink","Oligosoma alani","CHORDATA","REPTILIA","SQUAMATA","SCINCIDAE",120190303,2019-11-24,"VU","3.1","D2","D2",1,"Increasing",NA,NA,NA,NA,NA,NA,"Yes","40",NA,NA,"10",1,10,0,7,0,NA,70,30
"238","Macgregor's Skink","Oligosoma macgregori","CHORDATA","REPTILIA","SQUAMATA","SCINCIDAE",120190326,2019-11-27,"VU","3.1","D2","D2",1,"Increasing",NA,NA,NA,NA,NA,NA,"Yes","8-12",NA,NA,NA,1,10,0,7,0,NA,70,30
"239","Towns’ Skink","Oligosoma townsi","CHORDATA","REPTILIA","SQUAMATA","SCINCIDAE",120192699,2019-12-15,"VU","3.1","D2","D2",1,"Increasing",NA,NA,NA,NA,NA,NA,"Yes",NA,NA,NA,NA,1,10,0,7,0,NA,70,30
"240","Auckland Island Shag","Leucocarbo colensoi","CHORDATA","AVES","SULIFORMES","PHALACROCORACIDAE",133556641,2018-08-09,"VU","3.1","D2","D2",1,"Stable","Unknown","Unknown","Unknown","Unknown","Unknown","Unknown","Yes","17","5900","3000","5",1,10,0,7,0,NA,70,30
"241","Campbell Shag","Leucocarbo campbelli","CHORDATA","AVES","SULIFORMES","PHALACROCORACIDAE",133556928,2018-08-09,"VU","3.1","D2","D2",1,"Stable","Unknown","Unknown","Unknown","Unknown","Unknown","Unknown","Yes","10","1000",NA,"1",1,10,0,7,0,NA,70,30
"242","Eastern Speckled Skink","Oligosoma auroraense","CHORDATA","REPTILIA","SQUAMATA","SCINCIDAE",156730116,2019-10-31,"VU","3.1","D2","D2",1,"Stable",NA,NA,NA,NA,NA,NA,"Yes",NA,NA,NA,"1",1,10,0,7,0,NA,70,30
"243","Campbell Island Teal","Anas nesiotis","CHORDATA","AVES","ANSERIFORMES","ANATIDAE",171601774,2020-03-25,"VU","3.1","D2","D2",1,"Stable","No","No","No","No","No","No","Yes","10-356","7300","U","2",1,10,0,7,0,NA,70,30
"244","Chatham Island Snipe","Coenocorypha pusilla","CHORDATA","AVES","CHARADRIIFORMES","SCOLOPACIDAE",182890601,2022-04-11,"VU","3.1","D2","D2",1,"Stable","No","Unknown","Unknown","No","No","Unknown","Yes","40","180","1800-2200","4",1,10,0,7,0,NA,70,30
"245","Auckland Rail","Lewinia muelleri","CHORDATA","AVES","GRUIFORMES","RALLIDAE",209458380,2021-10-21,"VU","3.1","D2","D2",1,"Stable","No","Unknown","No","Unknown","Unknown","Unknown","Yes","46","360","2000","2",1,10,0,7,0,NA,70,30
"246","Three Kings Milk Kānuka","Kunzea triregensis","TRACHEOPHYTA","MAGNOLIOPSIDA","MYRTALES","MYRTACEAE",243965227,2025-05-09,"VU","3.1","D2","D2",1,"Stable",NA,NA,NA,NA,NA,NA,"Yes","16",NA,NA,"4",1,10,0,7,0,NA,70,30
"247","Chatham Island Toe","Cortaderia turbaria","TRACHEOPHYTA","LILIOPSIDA","POALES","POACEAE",44530382,2010-06-03,"VU","3.1","D1","D1",1,"Stable",NA,NA,NA,NA,NA,NA,NA,NA,"1500-2000","500",NA,1,10,0,6,0,NA,60,45
"248","Elingamita","Elingamita johnsonii","TRACHEOPHYTA","MAGNOLIOPSIDA","ERICALES","PRIMULACEAE",62617544,2025-05-06,"VU","3.1","D1","D1",1,"Stable",NA,NA,NA,NA,NA,NA,NA,NA,NA,"600-900",NA,1,10,0,6,0,NA,60,45
"249","Okarito Brown Kiwi","Apteryx rowi","CHORDATA","AVES","STRUTHIONIFORMES","APTERYGIDAE",180757495,2020-08-03,"VU","3.1","D1","D1",1,"Increasing","No","No","No","No","No","No","No","428","428","350-400",NA,1,10,0,6,0,NA,60,45
"250","Chatham Pigeon","Hemiphaga chathamensis","CHORDATA","AVES","COLUMBIFORMES","COLUMBIDAE",214005740,2022-04-19,"VU","3.1","D1","D1",1,"Increasing","No","No","Unknown","No","No","No","No","1530","1900","250-999",NA,1,10,0,6,0,NA,60,45
"251","Rough-faced Shag","Leucocarbo carunculatus","CHORDATA","AVES","SULIFORMES","PHALACROCORACIDAE",217914197,2022-06-09,"VU","3.1","D1","D1",1,"Stable","No","Unknown","Unknown","Unknown","Unknown","Unknown","No","56","960","250-999",NA,1,10,0,6,0,NA,60,45
"252","Torrentfish","Cheimarrichthys fosteri","CHORDATA","ACTINOPTERYGII","PERCIFORMES","CHEIMARRICHTHYIDAE",2482366,2014-08-13,"VU","3.1","A2bc","A2bc",1,"Decreasing",NA,NA,NA,NA,NA,NA,NA,NA,NA,NA,NA,1,10,4,0,0,NA,40,50
"253","New Zealand Lesser Short-tailed Bat","Mystacina tuberculata","CHORDATA","MAMMALIA","CHIROPTERA","MYSTACINIDAE",22070543,2020-10-15,"VU","3.1","A4bce","A4bce",1,"Decreasing","Yes",NA,NA,NA,NA,"Yes",NA,NA,"392346",NA,NA,1,10,4,0,0,NA,40,50
"254","Dumb Gulper Shark","Centrophorus harrissoni","CHORDATA","CHONDRICHTHYES","SQUALIFORMES","CENTROPHORIDAE",68614118,2019-11-21,"EN","3.1","A2bd","A2bd",3,"Decreasing",NA,NA,NA,NA,NA,NA,NA,NA,NA,NA,NA,2,3.33333333333333,6,0,0,NA,40,50
"255","Brown kiwi","Apteryx mantelli","CHORDATA","AVES","STRUTHIONIFORMES","APTERYGIDAE",119177586,2017-10-01,"VU","3.1","A2bce","A2bce",1,"Stable","No","Yes","Unknown","No","Unknown","No","No",NA,"157000","10000-19999","11-100",1,10,4,0,0,NA,40,50
"256","Black-eyed Gecko","Mokopirirakau kahutarae","CHORDATA","REPTILIA","SQUAMATA","DIPLODACTYLIDAE",120188625,2018-02-17,"VU","3.1","A2e","A2e",1,"Decreasing",NA,"Unknown",NA,NA,NA,NA,NA,NA,NA,NA,NA,1,10,4,0,0,NA,40,50
"257","Forest Gecko","Mokopirirakau granulatus","CHORDATA","REPTILIA","SQUAMATA","DIPLODACTYLIDAE",120192529,2018-02-17,"VU","3.1","A2acde+4acde","A2acde+4acde",1,"Decreasing",NA,"Yes",NA,NA,NA,NA,NA,NA,NA,NA,NA,1,10,4,0,0,NA,40,50
"258","Auckland Green Gecko","Naultinus elegans","CHORDATA","REPTILIA","SQUAMATA","DIPLODACTYLIDAE",120192539,2018-02-17,"VU","3.1","A2acde+4acde","A2acde+4acde",1,"Decreasing","Yes","Yes",NA,NA,NA,NA,NA,NA,NA,NA,NA,1,10,4,0,0,NA,40,50
"259","Weka","Gallirallus australis","CHORDATA","AVES","GRUIFORMES","RALLIDAE",131928535,2018-08-09,"VU","3.1","A3bce+4bce","A3bce+4bce",1,"Decreasing","Yes","Yes","Unknown","Yes","Yes","Unknown","No",NA,"548000","71000-118000","11-100",1,10,4,0,0,NA,40,50
"260","Southern Brown Kiwi","Apteryx australis","CHORDATA","AVES","STRUTHIONIFORMES","APTERYGIDAE",214272214,2022-08-11,"VU","3.1","A2be+3be+4be","A2be+3be+4be",1,"Decreasing","Yes","Unknown","Unknown","Unknown","Yes","Unknown","No",NA,"69300","16500","11-100",1,10,4,0,0,NA,40,50
"261",NA,"Metrosideros kermadecensis","TRACHEOPHYTA","MAGNOLIOPSIDA","MYRTALES","MYRTACEAE",254426882,2023-09-01,"VU","3.1","A3e","A3e",1,"Decreasing",NA,NA,NA,NA,NA,NA,NA,NA,NA,NA,NA,1,10,4,0,0,NA,40,50
"262",NA,"Strumigenys xenos","ARTHROPODA","INSECTA","HYMENOPTERA","FORMICIDAE",9237797,1996-08-01,"VU","2.3","D2","D2",2,NA,NA,NA,NA,NA,NA,NA,NA,NA,NA,NA,NA,1,5,0,7,0,NA,35,60
"263","Kermadec Nettle Tree","Pouzolzia australis","TRACHEOPHYTA","MAGNOLIOPSIDA","ROSALES","URTICACEAE",247983140,2025-03-26,"VU","3.1","D2","D2",2,"Stable",NA,NA,NA,NA,NA,NA,"Yes","20",NA,NA,"5",1,5,0,7,0,NA,35,60
"264","Snares Crested Penguin","Eudyptes robustus","CHORDATA","AVES","SPHENISCIFORMES","SPHENISCIDAE",132602343,2018-08-07,"VU","3.1","D2","D2",4,"Stable","No","No","Unknown","No","No","No","Yes","0.63","15","63000","1",1,2.5,0,9,0,NA,22.5,62
"265","Blue-thighed Treefrog","Litoria raniformis","CHORDATA","AMPHIBIA","ANURA","PELODRYADIDAE",78435466,2022-02-21,"VU","3.1","A2bce","A2bce",2,"Decreasing",NA,NA,"Yes","Yes","Yes",NA,NA,NA,NA,NA,NA,1,5,4,0,0,NA,20,63
"266",NA,"Cantharellus attenuatus","BASIDIOMYCOTA","AGARICOMYCETES","CANTHARELLALES","HYDNACEAE",227537154,2023-11-21,"VU","3.1","A4c","A4c",2,"Decreasing",NA,"Yes",NA,NA,NA,NA,NA,NA,"32938","10000-30000",NA,1,5,4,0,0,NA,20,63
"267","Largespine Velvet Dogfish","Scymnodon macracanthus","CHORDATA","CHONDRICHTHYES","SQUALIFORMES","SOMNIOSIDAE",267136939,2024-08-30,"VU","3.1","A2d","A2d",3,"Decreasing",NA,NA,NA,NA,NA,NA,"No",NA,NA,NA,NA,1,3.33333333333333,4,0,0,NA,13.3333333333333,65
"268","Southern Bluefin Tuna","Thunnus maccoyii","CHORDATA","ACTINOPTERYGII","PERCIFORMES","SCOMBRIDAE",170082633,2021-01-15,"EN","3.1","A1bd","A1bd",10,"Increasing",NA,NA,NA,NA,NA,NA,"No",NA,NA,NA,NA,2,1,6,0,0,NA,12,66
"269","Eastern Nannygal","Centroberyx affinis","CHORDATA","ACTINOPTERYGII","BERYCIFORMES","BERYCIDAE",123356632,2024-04-30,"VU","3.1","A2bd","A2bd",4,"Decreasing",NA,NA,NA,NA,NA,NA,NA,NA,NA,NA,NA,1,2.5,4,0,0,NA,10,67
"270","Chatham Albatross","Thalassarche eremita","CHORDATA","AVES","PROCELLARIIFORMES","DIOMEDEIDAE",132644476,2018-08-07,"VU","3.1","D2","D2",12,"Stable","Unknown","Unknown","Unknown","Unknown","Unknown","Unknown","Yes","1","59100000","11000","1",1,0.833333333333333,0,9,0,NA,7.5,68
"271","Campbell Albatross","Thalassarche impavida","CHORDATA","AVES","PROCELLARIIFORMES","DIOMEDEIDAE",132657209,2018-08-07,"VU","3.1","D2","D2",10,"Increasing","Unknown","Unknown","Unknown","Unknown","Unknown","Unknown","Yes","13","36100000","43296","1",1,1,0,7,0,NA,7,69
"272","Kingclip","Genypterus blacodes","CHORDATA","ACTINOPTERYGII","OPHIDIIFORMES","OPHIDIIDAE",132965869,2024-03-04,"VU","3.1","A2bd","A2bd",6,"Decreasing",NA,NA,NA,NA,NA,NA,NA,NA,NA,NA,NA,1,1.66666666666667,4,0,0,NA,6.66666666666667,70
"273","School Shark","Galeorhinus galeus","CHORDATA","CHONDRICHTHYES","CARCHARHINIFORMES","TRIAKIDAE",2907336,2020-02-14,"CR","3.1","A2bd","A2bd",66,"Decreasing",NA,NA,NA,NA,NA,NA,NA,NA,NA,NA,NA,4,0.151515151515152,10,0,0,NA,6.06060606060606,71
"274","Basketwork Eel","Diastobranchus capensis","CHORDATA","ACTINOPTERYGII","ANGUILLIFORMES","SYNAPHOBRANCHIDAE",2561032,2019-11-22,"VU","3.1","A2bd","A2bd",7,"Decreasing",NA,NA,NA,NA,NA,NA,NA,NA,NA,NA,NA,1,1.42857142857143,4,0,0,NA,5.71428571428571,72
"275","Juan Fernández Petrel","Pterodroma externa","CHORDATA","AVES","PROCELLARIIFORMES","PROCELLARIIDAE",132620783,2018-08-07,"VU","3.1","D2","D2",14,"Stable","Unknown","Unknown","No","Unknown","No","No","Yes","13","45400000",NA,"1",1,0.714285714285714,0,7,0,NA,5,73
"276",NA,"Montipora capricornis","CNIDARIA","ANTHOZOA","SCLERACTINIA","ACROPORIDAE",165882264,2023-04-27,"EN","3.1","A3ce","A3ce",24,"Decreasing",NA,"Yes",NA,NA,NA,NA,NA,NA,NA,NA,NA,2,0.416666666666667,6,0,0,NA,5,73
"277","Siberian Sandplover","Charadrius mongolus","CHORDATA","AVES","CHARADRIIFORMES","CHARADRIIDAE",234712764,2023-08-01,"EN","3.1","A2bce+4bce","A2bce+4bce",24,"Decreasing","Yes","Yes","Unknown","Unknown","Yes","No","No",NA,"3200000","18000-50000",NA,2,0.416666666666667,6,0,0,NA,5,73
"278","Pycroft's Petrel","Pterodroma pycrofti","CHORDATA","AVES","PROCELLARIIFORMES","PROCELLARIIDAE",132616888,2018-08-16,"VU","3.1","D2","D2",15,"Increasing","No","Unknown","Unknown","Unknown","Unknown","Unknown","Yes","160","98900000","12000-22000","5",1,0.666666666666667,0,7,0,NA,4.66666666666667,76
"279","Royal Albatross","Diomedea epomophora","CHORDATA","AVES","PROCELLARIIFORMES","DIOMEDEIDAE",132641187,2018-08-07,"VU","3.1","D2","D2",15,"Stable","Unknown","Unknown","Unknown","Unknown","Unknown","Unknown","Yes","750","98600000","27200","2-5",1,0.666666666666667,0,7,0,NA,4.66666666666667,76
"280","Knifetooth Dogfish","Scymnodon ringens","CHORDATA","CHONDRICHTHYES","SQUALIFORMES","SOMNIOSIDAE",116739828,2019-11-21,"VU","3.1","A2bd","A2bd",9,"Decreasing",NA,NA,NA,NA,NA,NA,"No",NA,NA,NA,NA,1,1.11111111111111,4,0,0,NA,4.44444444444444,78
"281","Rockhopper Penguin","Eudyptes chrysocome","CHORDATA","AVES","SPHENISCIFORMES","SPHENISCIDAE",182762377,2020-08-24,"VU","3.1","A2abcde+3bcde+4abcde","A2abcde+3bcde+4abcde",9,"Decreasing","Yes","Yes","Unknown","Unknown","Unknown","Unknown","No","3640","13100000","2500000",NA,1,1.11111111111111,4,0,0,NA,4.44444444444444,78
"282","Longsnout Dogfish","Deania quadrispinosa","CHORDATA","CHONDRICHTHYES","SQUALIFORMES","CENTROPHORIDAE",267298077,2019-11-21,"VU","3.1","A2bd","A2bd",9,"Decreasing",NA,NA,NA,NA,NA,NA,"No",NA,NA,NA,NA,1,1.11111111111111,4,0,0,NA,4.44444444444444,78
"283","Eastern Curlew","Numenius madagascariensis","CHORDATA","AVES","CHARADRIIFORMES","SCOLOPACIDAE",250045646,2024-07-09,"EN","3.1","A2bcd+4bcd","A2bcd+4bcd",30,"Decreasing","Yes","Yes","Unknown","Unknown","Yes","No","No",NA,"5590000","20000-35000, 21000-28000",NA,2,0.333333333333333,6,0,0,NA,4,81
"284","Black (Parkinson's) Petrel","Procellaria parkinsoni","CHORDATA","AVES","PROCELLARIIFORMES","PROCELLARIIDAE",132629374,2018-08-16,"VU","3.1","D2","D2",19,"Stable","Unknown","No","Unknown","Unknown","Unknown","Unknown","Yes","160","54300000","5500","2",1,0.526315789473684,0,7,0,NA,3.68421052631579,82
"285","Coney","Oryctolagus cuniculus","CHORDATA","MAMMALIA","LAGOMORPHA","LEPORIDAE",170619657,2018-08-15,"EN","3.1","A2abce","A2abce",33,"Decreasing",NA,NA,NA,NA,NA,NA,NA,NA,"756308",NA,NA,2,0.303030303030303,6,0,0,NA,3.63636363636364,83
"286","White-naped Petrel","Pterodroma cervicalis","CHORDATA","AVES","PROCELLARIIFORMES","PROCELLARIIDAE",132614556,2018-08-07,"VU","3.1","D2","D2",28,"Increasing","Unknown","Unknown","Unknown","Unknown","Unknown","Unknown","Yes","1","75800000","100000","2-3",1,0.357142857142857,0,9,0,NA,3.21428571428571,84
"287","Leafscale Gulper Shark","Centrophorus squamosus","CHORDATA","CHONDRICHTHYES","SQUALIFORMES","CENTROPHORIDAE",254975849,2024-02-27,"EN","3.1","A2bd","A2bd",38,"Decreasing",NA,NA,NA,NA,NA,NA,NA,NA,NA,NA,NA,2,0.263157894736842,6,0,0,NA,3.15789473684211,85
"288","Macaroni Penguin","Eudyptes chrysolophus","CHORDATA","AVES","SPHENISCIFORMES","SPHENISCIDAE",184720991,2020-09-09,"VU","3.1","A2bce+3bce+4bce","A2bce+3bce+4bce",13,"Decreasing","Yes","Unknown","Unknown","Unknown","Unknown","Unknown","No","7400","18700000",NA,NA,1,0.769230769230769,4,0,0,NA,3.07692307692308,86
"289","Whitetip Oceanic Shark","Carcharhinus longimanus","CHORDATA","CHONDRICHTHYES","CARCHARHINIFORMES","CARCHARHINIDAE",2911619,2018-11-07,"CR","3.1","A2bd","A2bd",133,"Decreasing",NA,NA,NA,NA,NA,NA,NA,NA,NA,NA,NA,4,0.075187969924812,10,0,0,NA,3.00751879699248,87
"290","Buller's Shearwater","Ardenna bulleri","CHORDATA","AVES","PROCELLARIIFORMES","PROCELLARIIDAE",132632044,2018-08-07,"VU","3.1","D2","D2",31,"Stable","Unknown","Unknown","Unknown","Unknown","Unknown","Unknown","Yes","2","135000000",NA,"7",1,0.32258064516129,0,9,0,NA,2.90322580645161,88
"291","Sei Whale","Balaenoptera borealis","CHORDATA","MAMMALIA","ARTIODACTYLA","BALAENOPTERIDAE",130482064,2018-06-25,"EN","3.1","A1abd","A1abd",44,"Increasing",NA,"Unknown",NA,"No","No",NA,NA,NA,NA,"50000",NA,2,0.227272727272727,6,0,0,NA,2.72727272727273,89
"292","Lesser Devil Ray","Mobula thurstoni","CHORDATA","CHONDRICHTHYES","MYLIOBATIFORMES","MOBULIDAE",279078290,2025-06-17,"CR","3.1","A2bd+3d","A2bd+3d",154,"Decreasing",NA,NA,NA,NA,NA,NA,NA,NA,NA,NA,NA,4,0.0649350649350649,10,0,0,NA,2.5974025974026,90
"293","Giant Devil Ray","Mobula mobular","CHORDATA","CHONDRICHTHYES","MYLIOBATIFORMES","MOBULIDAE",279075986,2025-06-19,"CR","3.1","A2bd+3d","A2bd+3d",169,"Decreasing",NA,NA,NA,NA,NA,NA,NA,NA,NA,NA,NA,4,0.0591715976331361,10,0,0,NA,2.36686390532544,91
"294",NA,"Montipora spongodes","CNIDARIA","ANTHOZOA","SCLERACTINIA","ACROPORIDAE",165792388,2023-04-27,"EN","3.1","A3ce","A3ce",51,"Decreasing",NA,"Yes",NA,NA,NA,NA,NA,NA,NA,NA,NA,2,0.196078431372549,6,0,0,NA,2.35294117647059,92
"295","Owston's Dogfish","Centroscymnus owstonii","CHORDATA","CHONDRICHTHYES","SQUALIFORMES","SOMNIOSIDAE",68615392,2017-07-08,"VU","3.1","A2d","A2d",18,"Unknown",NA,NA,NA,NA,NA,NA,"No",NA,NA,NA,NA,1,0.555555555555556,4,0,0,NA,2.22222222222222,93
"296","Dusky Shark","Carcharhinus obscurus","CHORDATA","CHONDRICHTHYES","CARCHARHINIFORMES","CARCHARHINIDAE",2872747,2018-11-06,"EN","3.1","A2bd","A2bd",55,"Decreasing",NA,NA,NA,NA,NA,NA,NA,NA,NA,NA,NA,2,0.181818181818182,6,0,0,NA,2.18181818181818,94
"297","Indian Sambar","Rusa unicolor","CHORDATA","MAMMALIA","ARTIODACTYLA","CERVIDAE",85628124,2014-11-17,"VU","3.1","A2cd+3cd+4cd","A2cd+3cd+4cd",19,"Decreasing",NA,NA,NA,NA,NA,NA,NA,NA,NA,NA,NA,1,0.526315789473684,4,0,0,NA,2.10526315789474,95
"298","Deepwater Nurse Shark","Odontaspis ferox","CHORDATA","CHONDRICHTHYES","LAMNIFORMES","ODONTASPIDIDAE",124424595,2023-06-01,"EN","3.1","A2d","A2d",57,"Decreasing",NA,NA,NA,NA,NA,NA,NA,NA,NA,NA,NA,2,0.175438596491228,6,0,0,NA,2.10526315789474,95
"299","White-chinned Petrel","Procellaria aequinoctialis","CHORDATA","AVES","PROCELLARIIFORMES","PROCELLARIIDAE",132628887,2018-08-07,"VU","3.1","A4bcde","A4bcde",19,"Decreasing","Yes","Yes","Unknown","Unknown","Unknown","Unknown","No","3300","173000000","3000000","11-100",1,0.526315789473684,4,0,0,NA,2.10526315789474,95
"300","Great Knot","Calidris tenuirostris","CHORDATA","AVES","CHARADRIIFORMES","SCOLOPACIDAE",254641184,2024-07-31,"EN","3.1","A2bcd+3bcd+4bcd","A2bcd+3bcd+4bcd",64,"Decreasing","Yes","Yes","Unknown","Unknown","Yes","Unknown","No",NA,"2600000","255000-340000",NA,2,0.15625,6,0,0,NA,1.875,98
"301","Broadnose Sevengill Shark","Notorynchus cepedianus","CHORDATA","CHONDRICHTHYES","HEXANCHIFORMES","HEXANCHIDAE",268790096,2020-02-08,"VU","3.1","A2bd","A2bd",22,"Decreasing",NA,NA,NA,NA,NA,NA,NA,NA,NA,NA,NA,1,0.454545454545455,4,0,0,NA,1.81818181818182,99
"302","Bramble Shark","Echinorhinus brucus","CHORDATA","CHONDRICHTHYES","SQUALIFORMES","ECHINORHINIDAE",2956075,2019-11-21,"EN","3.1","A2bd","A2bd",74,"Decreasing",NA,NA,NA,NA,NA,NA,NA,NA,NA,NA,NA,2,0.135135135135135,6,0,0,NA,1.62162162162162,100
"303","Blue Whale","Balaenoptera musculus","CHORDATA","MAMMALIA","ARTIODACTYLA","BALAENOPTERIDAE",156923585,2018-03-16,"EN","3.1","A1abd","A1abd",84,"Increasing","No","Unknown",NA,NA,NA,NA,NA,NA,NA,"5000-15000",NA,2,0.119047619047619,6,0,0,NA,1.42857142857143,101
"304","Black Shark","Dalatias licha","CHORDATA","CHONDRICHTHYES","SQUALIFORMES","DALATIIDAE",3111662,2017-07-03,"VU","3.1","A2bd+3d","A2bd+3d",30,"Decreasing",NA,NA,NA,NA,NA,NA,NA,NA,NA,NA,NA,1,0.333333333333333,4,0,0,NA,1.33333333333333,102
"305","Bronze Whaler","Carcharhinus brachyurus","CHORDATA","CHONDRICHTHYES","CARCHARHINIFORMES","CARCHARHINIDAE",2954522,2020-04-06,"VU","3.1","A2bd","A2bd",37,"Decreasing",NA,NA,NA,NA,NA,NA,NA,NA,NA,NA,NA,1,0.27027027027027,4,0,0,NA,1.08108108108108,103
"306","Blue Marlin","Makaira nigricans","CHORDATA","ACTINOPTERYGII","PERCIFORMES","ISTIOPHORIDAE",76596659,2015-04-20,"EN","3.1","A2bd","A2bd",112,"Decreasing",NA,NA,NA,NA,NA,NA,NA,NA,NA,NA,NA,2,0.0892857142857143,6,0,0,NA,1.07142857142857,104
"307","Basking Shark","Cetorhinus maximus","CHORDATA","CHONDRICHTHYES","LAMNIFORMES","CETORHINIDAE",194720078,2018-11-07,"EN","3.1","A2bd","A2bd",134,"Decreasing",NA,NA,NA,NA,NA,NA,NA,NA,NA,NA,NA,2,0.0746268656716418,6,0,0,NA,0.895522388059701,105
"308","Chevron Manta Ray","Mobula birostris","CHORDATA","CHONDRICHTHYES","MYLIOBATIFORMES","MOBULIDAE",214397182,2019-11-12,"EN","3.1","A2bcd+3d","A2bcd+3d",139,"Decreasing",NA,NA,NA,NA,NA,NA,NA,NA,NA,NA,NA,2,0.0719424460431655,6,0,0,NA,0.863309352517986,106
"309","Whale Shark","Rhincodon typus","CHORDATA","CHONDRICHTHYES","ORECTOLOBIFORMES","RHINCODONTIDAE",126673248,2025-03-31,"EN","3.1","A2bd","A2bd",150,"Decreasing",NA,NA,NA,NA,NA,NA,"No",NA,NA,NA,NA,2,0.0666666666666667,6,0,0,NA,0.8,107
"310","Shortfin Mako","Isurus oxyrinchus","CHORDATA","CHONDRICHTHYES","LAMNIFORMES","LAMNIDAE",2903170,2018-11-05,"EN","3.1","A2bd","A2bd",157,"Decreasing",NA,NA,NA,NA,NA,NA,NA,NA,NA,NA,NA,2,0.0636942675159236,6,0,0,NA,0.764331210191083,108
"311","Picked Dogfish","Squalus acanthias","CHORDATA","CHONDRICHTHYES","SQUALIFORMES","SQUALIDAE",124551959,2019-11-21,"VU","3.1","A2bd","A2bd",55,"Decreasing",NA,NA,NA,NA,NA,NA,NA,NA,NA,NA,NA,1,0.181818181818182,4,0,0,NA,0.727272727272727,109
"312","Brown Stingray","Bathytoshia lata","CHORDATA","CHONDRICHTHYES","MYLIOBATIFORMES","DASYATIDAE",104072486,2020-08-04,"VU","3.1","A2d","A2d",58,"Decreasing",NA,NA,NA,NA,NA,NA,NA,NA,NA,NA,NA,1,0.172413793103448,4,0,0,NA,0.689655172413793,110
"313","Sharp-tailed Sandpiper","Calidris acuminata","CHORDATA","AVES","CHARADRIIFORMES","SCOLOPACIDAE",152588591,2021-10-15,"VU","3.1","A2bce+3bce+4bce","A2bce+3bce+4bce",60,"Decreasing","Yes","Yes","Unknown","Unknown","Unknown","No","No",NA,"820000","60000-120000, 73000",NA,1,0.166666666666667,4,0,0,NA,0.666666666666667,111
"314","Hudsonian Godwit","Limosa haemastica","CHORDATA","AVES","CHARADRIIFORMES","SCOLOPACIDAE",255829868,2024-07-11,"VU","3.1","A2b+4b","A2b+4b",60,"Decreasing","Yes","Unknown","Unknown","Unknown","Unknown","Unknown","No",NA,"6200000","41000-70000",NA,1,0.166666666666667,4,0,0,NA,0.666666666666667,111
"315",NA,"Alveopora spongiosa","CNIDARIA","ANTHOZOA","SCLERACTINIA","ACROPORIDAE",165912495,2023-04-27,"VU","3.1","A3ce","A3ce",62,"Decreasing",NA,"Yes",NA,NA,NA,NA,NA,NA,NA,NA,NA,1,0.161290322580645,4,0,0,NA,0.645161290322581,113
"316","Finback","Balaenoptera physalus","CHORDATA","MAMMALIA","ARTIODACTYLA","BALAENOPTERIDAE",50349982,2018-02-04,"VU","3.1","A1d","A1d",74,"Increasing",NA,NA,NA,"No","No",NA,NA,NA,NA,"100000",NA,1,0.135135135135135,4,0,0,NA,0.540540540540541,114
"317","White-rumped Sandpiper","Calidris fuscicollis","CHORDATA","AVES","CHARADRIIFORMES","SCOLOPACIDAE",255764059,2024-07-14,"VU","3.1","A2b+4b","A2b+4b",86,"Decreasing","Yes","Unknown","Unknown","Unknown","Unknown","Unknown","No",NA,"2600000","3270000-9070000, 6200000",NA,1,0.116279069767442,4,0,0,NA,0.465116279069767,115
"318","Lesser Yellowlegs","Tringa flavipes","CHORDATA","AVES","CHARADRIIFORMES","SCOLOPACIDAE",208218115,2024-07-15,"VU","3.1","A2bcd+3bcd+4bcd","A2bcd+3bcd+4bcd",90,"Decreasing","Yes","Yes","Unknown","Unknown","Unknown","Unknown","No",NA,"6100000","527000-7600000,650000",NA,1,0.111111111111111,4,0,0,NA,0.444444444444444,116
"319","Loggerhead Turtle","Caretta caretta","CHORDATA","REPTILIA","TESTUDINES","CHELONIIDAE",119333622,2015-08-23,"VU","3.1","A2b","A2b",105,"Decreasing",NA,NA,NA,NA,NA,NA,NA,NA,NA,NA,NA,1,0.0952380952380952,4,0,0,NA,0.380952380952381,117
"320","Blue Marlin","Makaira nigricans","CHORDATA","ACTINOPTERYGII","PERCIFORMES","ISTIOPHORIDAE",46936155,2021-05-10,"VU","3.1","A2bd","A2bd",114,"Decreasing",NA,NA,NA,NA,NA,NA,NA,NA,NA,NA,NA,1,0.087719298245614,4,0,0,NA,0.350877192982456,118
"321","Smooth Hammerhead","Sphyrna zygaena","CHORDATA","CHONDRICHTHYES","CARCHARHINIFORMES","SPHYRNIDAE",2921825,2018-11-08,"VU","3.1","A2bd","A2bd",123,"Decreasing",NA,NA,NA,NA,NA,NA,NA,NA,NA,NA,NA,1,0.0813008130081301,4,0,0,NA,0.32520325203252,119
"322","Leach's Storm Petrel","Hydrobates leucorhous","CHORDATA","AVES","PROCELLARIIFORMES","HYDROBATIDAE",132438484,2018-08-07,"VU","3.1","A2bce+3bce+4bce","A2bce+3bce+4bce",123,"Decreasing","Yes","Unknown","Unknown","Unknown","Unknown","Unknown","No",NA,"337000000","6700000-8300000",NA,1,0.0813008130081301,4,0,0,NA,0.32520325203252,119
"323","Bigeye Tuna","Thunnus obesus","CHORDATA","ACTINOPTERYGII","PERCIFORMES","SCOMBRIDAE",46912402,2021-01-15,"VU","3.1","A2bd","A2bd",131,"Decreasing",NA,NA,NA,NA,NA,NA,"No",NA,NA,NA,NA,1,0.0763358778625954,4,0,0,NA,0.305343511450382,121
"324","Coffin-back","Dermochelys coriacea","CHORDATA","REPTILIA","TESTUDINES","DERMOCHELYIDAE",43526147,2013-06-21,"VU","3.1","A2bd","A2bd",134,"Decreasing","Yes",NA,NA,NA,NA,NA,NA,NA,NA,NA,NA,1,0.0746268656716418,4,0,0,NA,0.298507462686567,122
"325","Broad-billed Sandpiper","Calidris falcinellus","CHORDATA","AVES","CHARADRIIFORMES","SCOLOPACIDAE",257323525,2024-07-03,"VU","3.1","A2bc+4bc","A2bc+4bc",138,"Decreasing","Yes","Yes","Unknown","Unknown","Yes","Unknown","No",NA,"6100000","96000-136000",NA,1,0.072463768115942,4,0,0,NA,0.289855072463768,123
"326","Cachelot","Physeter macrocephalus","CHORDATA","MAMMALIA","ARTIODACTYLA","PHYSETERIDAE",50382216,2025-05-14,"VU","3.1","A1d","A1d",144,"Unknown","Unknown",NA,NA,NA,NA,"No","No",NA,NA,NA,NA,1,0.0694444444444444,4,0,0,NA,0.277777777777778,124
"327","Bigeye Thresher Shark","Alopias superciliosus","CHORDATA","CHONDRICHTHYES","LAMNIFORMES","ALOPIIDAE",894216,2018-11-06,"VU","3.1","A2bd","A2bd",161,"Decreasing",NA,NA,NA,NA,NA,NA,NA,NA,NA,NA,NA,1,0.062111801242236,4,0,0,NA,0.248447204968944,125
"328","Sailfish","Istiophorus platypterus","CHORDATA","ACTINOPTERYGII","PERCIFORMES","ISTIOPHORIDAE",46649664,2021-05-01,"VU","3.1","A2bd","A2bd",169,"Decreasing",NA,NA,NA,NA,NA,NA,NA,NA,NA,NA,NA,1,0.0591715976331361,4,0,0,NA,0.236686390532544,126
"329","Great White Shark","Carcharodon carcharias","CHORDATA","CHONDRICHTHYES","LAMNIFORMES","LAMNIDAE",212629880,2018-11-07,"VU","3.1","A2bd","A2bd",171,"Decreasing",NA,NA,NA,NA,NA,NA,NA,NA,NA,NA,NA,1,0.0584795321637427,4,0,0,NA,0.233918128654971,127
"330","Atlantic Thresher","Alopias vulpinus","CHORDATA","CHONDRICHTHYES","LAMNIFORMES","ALOPIIDAE",212641186,2018-11-06,"VU","3.1","A2bd","A2bd",174,"Decreasing",NA,NA,NA,NA,NA,NA,NA,NA,NA,NA,NA,1,0.0574712643678161,4,0,0,NA,0.229885057471264,128
"331","Headfish","Mola mola","CHORDATA","ACTINOPTERYGII","TETRAODONTIFORMES","MOLIDAE",97667070,2011-06-07,"VU","3.1","A4bd","A4bd",175,"Decreasing",NA,NA,NA,NA,NA,NA,NA,NA,NA,NA,NA,1,0.0571428571428571,4,0,0,NA,0.228571428571429,129
"332","Curlew Sandpiper","Calidris ferruginea","CHORDATA","AVES","CHARADRIIFORMES","SCOLOPACIDAE",180593985,2024-07-03,"VU","3.1","A2bcd+4bcd","A2bcd+4bcd",180,"Decreasing","Yes","Yes","Unknown","Unknown","Yes","No","No",NA,"3000000","420000-960000",NA,1,0.0555555555555556,4,0,0,NA,0.222222222222222,130
