"","taxon_scientific_name","assessment_id","red_list_category_code","criteria","Risk","Endemic","Decline","Restriction","Priority1_PS","Priority1_Rank","Priority2_PS","Priority2_Rank"
"1","Conturbatia crenata",6458885,"CR","A2a; D",4,5,10,10,2000,1,200,NA
"2","Seychellea sechellarum",8843195,"CR","A2c; B1ab(v); C2a(i); D",4,5,10,10,2000,2,200,NA
"3","Conothele truncicola",2442723,"CR","A2a+4a",4,5,10,5,1000,3,200,NA
"4","Otus insularis",177971497,"CR","B1ab(ii,iii,v); C2a(ii)",4,10,2,9,720,4,360,NA
"5","Ailuronyx trachygaster",179803011,"CR","B1ab(iii,v)+2ab(iii,v)",4,10,2,9,720,5,360,NA
"6","Pachnodus fregatensis",6454444,"EN","A1a",2,5,6,9,540,6,90,NA
"7","Drypetes riseleyi",9558008,"CR","B1ab(iii,v); C2a(i); D",4,5,2,10,400,7,200,NA
"8","Farqua quadrimaculata",2442863,"CR","B1ab(iii)+2ab(iii)",4,10,1,9,360,8,360,NA
"9","Opopaea probosciella",2442968,"CR","B2ab(iii)",4,10,1,9,360,9,360,NA
"10","Ariadna ustulata",2475610,"CR","B1ab(iii,v)+2ab(iii,v)",4,5,2,9,360,10,180,NA
"11","Campnosperma seychellarum",9548966,"CR","B1ab(iii,v)",4,5,2,9,360,11,180,NA
"12","Grisollea thomassetii",9554528,"CR","B1ab(iii)",4,5,2,9,360,12,180,NA
"13","Rothmannia annae",9557015,"CR","B1ab(iii,v)+2ab(iii,v)",4,5,2,9,360,13,180,NA
"14","Medusagyne oppositifolia",10072208,"CR","B1ab(i,ii,iv,v)+2ab(i,ii,iv,v); C2a(ii)",4,5,2,9,360,14,180,NA
"15","Phalangacris alluaudi",72317967,"CR","B1ab(iii)+2ab(iii)",4,5,2,9,360,15,180,NA
"16","Arachnocephalus medvedevi",107431016,"CR","B1ab(i,ii,iii,v)",4,5,2,9,360,16,180,NA
"17","Impatiens gordonii",128761933,"CR","B1ab(i,ii,iii,iv,v)+2ab(i,ii,iii,iv,v)",4,5,2,9,360,17,180,NA
"18","Coleura seychellensis",271898609,"CR","C2a(i)",4,5,2,9,360,18,180,NA
"19","Pseudoginglymostoma brevicaudatum",124435749,"CR","A2cd",4,2,10,4,320,19,80,NA
"20","Zosterops modestus",177958015,"VU","A2ace+4ace; D1+2",1,10,4,8,320,20,80,NA
"21","Sechelleptus seychellarum",2706807,"EN","A2b; B1b(iii,v)c(iv)+2b(iii,v)c(iv)",2,5,6,5,300,21,60,NA
"22","Threskiornis bernieri",196574917,"EN","A2bc+4bc",2,5,6,5,300,22,60,NA
"23","Sechellophryne gardineri",15181011,"EN","B1ab(ii,iii,v)+2ab(ii,iii,v)",2,10,2,6,240,23,120,NA
"24","Sooglossus sechellensis",15446818,"EN","B1ab(ii,iii,v)+2ab(ii,iii,v)",2,10,2,6,240,24,120,NA
"25","Boaedon geometricus",179807395,"EN","B1ab(iii)+2ab(iii)",2,10,2,6,240,25,120,NA
"26","Janetaescincus braueri",179808766,"EN","B1ab(iii)+2ab(iii)",2,10,2,6,240,26,120,NA
"27","Janetaescincus veseyfitzgeraldi",179809878,"EN","B1ab(iii)+2ab(iii)",2,10,2,6,240,27,120,NA
"28","Asplenium complanatum",9114841,"CR","B1ab(iii)+2ab(iii); D",4,5,1,10,200,28,200,NA
"29","Nesiergus gardineri",2442730,"CR","B2ab(iii)",4,5,1,9,180,29,180,NA
"30","Nesiergus halophilus",2442737,"CR","B1ab(iii)",4,5,1,9,180,30,180,NA
"31","Paccius quadridentatus",2442786,"CR","B1ab(iii)",4,5,1,9,180,31,180,NA
"32","Apolania segmentata",2442793,"CR","B1ab(iii)",4,5,1,9,180,32,180,NA
"33","Microdrassus inaudax",2442807,"CR","B1ab(iii)",4,5,1,9,180,33,180,NA
"34","Euso muehlenbergi",2442828,"CR","B1ab(iii)+2ab(iii)",4,5,1,9,180,34,180,NA
"35","Gamasomorpha austera",2442870,"CR","B1ab(iii)",4,5,1,9,180,35,180,NA
"36","Ischnothyrella jivani",2442884,"CR","B1ab(iii)+2ab(iii)",4,5,1,9,180,36,180,NA
"37","Lionneta gerlachi",2442898,"CR","B1ab(iii)+2ab(iii)",4,5,1,9,180,37,180,NA
"38","Opopaea suspecta",2442975,"CR","B1ab(iii)+2ab(iii)",4,5,1,9,180,38,180,NA
"39","Orchestina maureen",2442989,"CR","B1ab(iii)+2ab(iii)",4,5,1,9,180,39,180,NA
"40","Hybosida dauban",2443045,"CR","B1ab(iii)+2ab(iii)",4,5,1,9,180,40,180,NA
"41","Hybosida lucida",2443052,"CR","B1ab(iii)",4,5,1,9,180,41,180,NA
"42","Steriphopus lacertosus",2443059,"CR","B1ab(iii)",4,5,1,9,180,42,180,NA
"43","Spermophorides lascars",2443087,"CR","B1ab(iii)+2ab(iii)",4,5,1,9,180,43,180,NA
"44","Prodida stella",2443094,"CR","B1ab(iii)+2ab(iii)",4,5,1,9,180,44,180,NA
"45","Hasarius mahensis",2443150,"CR","B1ab(iii)+2ab(iii)",4,5,1,9,180,45,180,NA
"46","Sadies trifasciata",2443234,"EN","B1ab(iii)+2ab(iii)",2,5,2,9,180,46,90,NA
"47","Patu silho",2443311,"CR","B1ab(iii)+2ab(iii)",4,5,1,9,180,47,180,NA
"48","Seychellia lodoiceae",2443318,"CR","B1ab(iii)+2ab(iii)",4,5,1,9,180,48,180,NA
"49","Moneta coercervea",2458770,"CR","B2ab(iii)",4,5,1,9,180,49,180,NA
"50","Sesato setosa",2458819,"CR","B1ab(iii)",4,5,1,9,180,50,180,NA
"51","Andasta siltte",2458875,"CR","B1ab(iii)+2ab(iii)",4,5,1,9,180,51,180,NA
"52","Zoma zoma",2458882,"CR","B1ab(iii)+2ab(iii)",4,5,1,9,180,52,180,NA
"53","Voraptus tenellus",2458896,"CR","B2ab(iii)",4,5,1,9,180,53,180,NA
"54","Afrogarypus seychellesensis",2458938,"CR","B1ab(iii)",4,5,1,9,180,54,180,NA
"55","Mecistocephalus cyclops",2475392,"CR","B1ab(iii)",4,5,1,9,180,55,180,NA
"56","Ityphilus melanostigmus",2475399,"CR","B1ab(iii)",4,5,1,9,180,56,180,NA
"57","Diglossosternoides curiosus",2475481,"CR","B1ab(iii)",4,5,1,9,180,57,180,NA
"58","Holocompsa pusilla",2599578,"CR","B1ab(iii)+2ab(iii)",4,5,1,9,180,58,180,NA
"59","Dicrogonatus niger",2706709,"CR","B1ab(iii)+2ab(iii)",4,5,1,9,180,59,180,NA
"60","Michaelothyrus seychellensis",2706723,"CR","B1ab(iii)+2ab(iii)",4,5,1,9,180,60,180,NA
"61","Rhinotus albifrons",2706737,"CR","B1ab(iii)+2ab(iii)",4,5,1,9,180,61,180,NA
"62","Spirobolellus simplex",2706758,"CR","B1ab(iii)",4,5,1,9,180,62,180,NA
"63","Eucarlia mauriesi",2706779,"CR","B1ab(iii)+2ab(iii)",4,5,1,9,180,63,180,NA
"64","Sechelleptus unilineatus",2706814,"CR","B1ab(iii)+2ab(iii)",4,5,1,9,180,64,180,NA
"65","Pachnodus oxoniensis",6454126,"CR","B1ab(iii)+2ab(iii)",4,5,1,9,180,65,180,NA
"66","Dupontia levensonia",6455139,"CR","B1ab(iii)+2ab(iii)",4,5,1,9,180,66,180,NA
"67","Priodiscus spinosus",6460213,"CR","B1ab(iii)+2ab(iii)",4,5,1,9,180,67,180,NA
"68","Kaliella aldabra",6462127,"EN","B2ab(iii)",2,5,2,9,180,68,90,NA
"69","Canthium sechellense",8649656,"EN","B1ab(iii,v)+2ab(iii,v)",2,5,2,9,180,69,90,NA
"70","Secamone schimperiana",8843851,"EN","B1ab(iii)+2ab(iii)",2,5,2,9,180,70,90,NA
"71","Trichomanes fulgens",9115588,"CR","B1ab(iii)+2ab(iii)",4,5,1,9,180,71,180,NA
"72","Glionnetia sericea",9792468,"EN","B1ab(iii)+2ab(iii)",2,5,2,9,180,72,90,NA
"73","Lodoicea maldivica",10136618,"EN","B1ab(ii,iii,v)+2ab(ii,iii,v)",2,5,2,9,180,73,90,NA
"74","Sechellophryne pipilodryas",15435789,"CR","B1ab(ii,iii,v)+2ab(ii,iii,v)",4,10,0.5,9,180,74,360,NA
"75","Sooglossus thomasseti",15493219,"CR","B1ab(ii,iii)",4,10,0.5,9,180,75,360,NA
"76","Praslinia cooperi",20480391,"EN","B1ab(iii)",2,10,1,9,180,76,180,NA
"77","Biantes parvulus",21513969,"CR","B2ab(iii)",4,5,1,9,180,77,180,NA
"78","Holozoster ovalis",21576396,"CR","B1ab(iii)",4,5,1,9,180,78,180,NA
"79","Ibalonius lomani",21579662,"CR","B1ab(iii)+2ab(iii)",4,5,1,9,180,79,180,NA
"80","Sitalcicus incertus",21579782,"CR","B1ab(iii)+2ab(iii)",4,5,1,9,180,80,180,NA
"81","Benoitinus elegans",21579788,"CR","B2ab(iii)",4,5,1,9,180,81,180,NA
"82","Mitraceras crassipalpum",21579794,"CR","B1ab(iii)+2ab(iii)",4,5,1,9,180,82,180,NA
"83","Hypogeophis brevis",125192602,"EN","B1ab(iii)",2,10,1,9,180,83,180,NA
"84","Costularia xipholepis",130617732,"EN","B1ab(iii)+2ab(iii)",2,10,1,9,180,84,180,NA
"85","Afrolychas braueri",211822304,"CR","B2ab(iii)",4,5,1,9,180,85,180,NA
"86","Vateriopsis seychellarum",215143918,"CR","B1ab(iii)",4,5,1,9,180,86,180,NA
"87","Astropanax procumbens",274385828,"CR","B1ab(iii)+2ab(iii)",4,5,1,9,180,87,180,NA
"88","Canthium carinatum",8649419,"VU","A2ac; D2",1,5,4,7,140,88,35,NA
"89","Martellidendron hornei",9555288,"VU","A2c; D2",1,5,4,7,140,89,35,NA
"90","Microbianor golovatchi",2443185,"EN","B1ab(iii)+2ab(iii)",2,10,1,6,120,90,120,NA
"91","Eucarlia hoffmani",2706786,"EN","B1ab(iii)+2ab(iii)",2,10,1,6,120,91,120,NA
"92","Lycognathophis seychellensis",179808427,"EN","B1ab(iii)+2ab(iii)",2,10,1,6,120,92,120,NA
"93","Foudia aldabrana",180471815,"EN","B1ab(iii)",2,10,1,6,120,93,120,NA
"94","Northia seychellana",220072797,"VU","B1ab(i,ii,iii,iv,v)+2ab(i,ii,iii,iv,v)",1,10,2,6,120,94,60,NA
"95","Pterozonium tropiphorum",2475474,"EN","B1ab(iii,v)+2ab(iii,v)",2,5,2,5,100,95,50,NA
"96","Rhinotus vanmoli",2706751,"EN","B1ab(iii)+2ab(iii)",2,5,2,5,100,96,50,NA
"97","Cyathopoma picardense",6447793,"EN","B2ab(iii)",2,5,2,5,100,97,50,NA
"98","Tropidophora gardineri",6448405,"EN","B2ab(iii)",2,5,2,5,100,98,50,NA
"99","Colea seychellarum",9552712,"EN","B1ab(iii,v)+2ab(iii,v)",2,5,2,5,100,99,50,NA
"100","Pandanus balfourii",9554877,"VU","A2c",1,5,4,5,100,100,25,NA
"101","Polyscias lionnetii",9792724,"CR","D",4,5,0.5,10,100,101,200,NA
"102","Ibalonius inscriptus",21577993,"EN","B1ab(iii)+2ab(iii)",2,5,2,5,100,102,50,NA
"103","Psychotria silhouettae",129992581,"CR","D",4,5,0.5,10,100,103,200,NA
"104","Craterispermum microdon",183108770,"EN","B1ab(iii,v)+2ab(iii,v); C2a(i)",2,5,2,5,100,104,50,NA
"105","Idioctis intertidalis",2442716,"CR","B2ab(iii)",4,2.5,1,9,90,105,90,NA
"106","Ischnothyreus serpentinum",2442891,"EN","B1ab(iii)+2ab(iii)",2,5,1,9,90,106,90,NA
"107","Lionneta silhouettei",2442940,"EN","B1ab(iii)+2ab(iii)",2,5,1,9,90,107,90,NA
"108","Lionneta veli",2442947,"EN","B1ab(iii)+2ab(iii)",2,5,1,9,90,108,90,NA
"109","Cenemus silhouette",2443080,"EN","B1ab(iii)+2ab(iii)",2,5,1,9,90,109,90,NA
"110","Baviola luteosignata",2443108,"EN","B1ab(iii)+2ab(iii)",2,5,1,9,90,110,90,NA
"111","Salpesia soricina",2443241,"EN","B1ab(iii)+2ab(iii)",2,5,1,9,90,111,90,NA
"112","Scytodes pholcoides",2443248,"EN","B1ab(iii)+2ab(iii)",2,5,1,9,90,112,90,NA
"113","Anatemnus seychellesensis",2458966,"EN","B1ab(iii)+2ab(iii)",2,5,1,9,90,113,90,NA
"114","Anepsiozomus sobrinus",2458987,"EN","B1ab(iii)+2ab(iii)",2,5,1,9,90,114,90,NA
"115","Apozomus gerlachi",2475257,"EN","B1ab(iii)+2ab(iii)",2,5,1,9,90,115,90,NA
"116","Mahezomus apicoporus",2475271,"CR","B1ab(i,ii,iii,iv)",4,5,0.5,9,90,116,180,NA
"117","Mecistocephalus sechellarum",2475385,"CR","B1ab(i,ii,iii)+2ab(i,ii,iii)",4,5,0.5,9,90,117,180,NA
"118","Gonatotrichus silhouettensis",2475467,"EN","B1ab(iii)+2ab(iii)",2,5,1,9,90,118,90,NA
"119","Balta crassivenosa",2593424,"CR","B1ab(i,ii,iii)+2ab(i,ii,iii)",4,5,0.5,9,90,119,180,NA
"120","Delosia ornata",2593559,"CR","B1ab(i,ii,iii)+2ab(i,ii,iii)",4,5,0.5,9,90,120,180,NA
"121","Hololeptoblatta pandanicola",2594073,"CR","B1ab(i,ii)+2ab(i,ii)",4,5,0.5,9,90,121,180,NA
"122","Miriamrothschildia biplagiata",2594451,"EN","B1ab(iii)+2ab(iii)",2,5,1,9,90,122,90,NA
"123","Theganopteryx scotti",2595164,"CR","B1ab(i,ii,iii)+2ab(i,ii,iii)",4,5,0.5,9,90,123,180,NA
"124","Procryptotermes fryeri",2597323,"CR","B1ab(i,ii)+2ab(i,ii)",4,5,0.5,9,90,124,180,NA
"125","Antisolabis seychellensis",2598109,"CR","B1ab(i,ii,iii)+2ab(i,ii,iii)",4,5,0.5,9,90,125,180,NA
"126","Theganopteryx liturata",2598372,"CR","B1ab(i,ii)+2ab(i,ii)",4,5,0.5,9,90,126,180,NA
"127","Seychellesia nitidula",2598677,"CR","B1ab(i,ii,iii)+2ab(i,ii,iii)",4,5,0.5,9,90,127,180,NA
"128","Chaetolabia fryeri",2599201,"CR","B2ab(i,ii,iii)",4,5,0.5,9,90,128,180,NA
"129","Chaetospania gardineri",2599330,"CR","B1ab(i,ii,iii)+2ab(i,ii,iii)",4,5,0.5,9,90,129,180,NA
"130","Procytettix fusiformis",2600111,"CR","B1ab(i,ii,iii)+2ab(i,ii,iii)",4,5,0.5,9,90,130,180,NA
"131","Sliferia similis",2600347,"CR","B1ab(i,ii,iii,iv)+2ab(i,ii,iii,iv)",4,5,0.5,9,90,131,180,NA
"132","Gryllapterus tomentosus",2600985,"CR","B1ab(i,ii,iii)+2ab(i,ii,iii)",4,5,0.5,9,90,132,180,NA
"133","Theganopteryx grisea",2601114,"CR","B1ab(i,ii)+2ab(i,ii)",4,5,0.5,9,90,133,180,NA
"134","Coptottigia cristata",2601375,"CR","B1ab(i,ii,iii)",4,5,0.5,9,90,134,180,NA
"135","Glyptotermes scotti",2601737,"CR","B1ab(i,ii,iii)",4,5,0.5,9,90,135,180,NA
"136","Carausius scotti",2603274,"CR","B1ab(i,ii,iii)",4,5,0.5,9,90,136,180,NA
"137","Mecistocephalus megalodon",2706138,"EN","B1ab(iii)+2ab(iii)",2,5,1,9,90,137,90,NA
"138","Rhinotus densepilosus",2706744,"EN","B1ab(iii)+2ab(iii)",2,5,1,9,90,138,90,NA
"139","Imperturbatia violescens",3218516,"EN","B1ab(iii)+2ab(iii)",2,5,1,9,90,139,90,NA
"140","Moominia willii",6449734,"EN","B1ab(iii)+2ab(iii)",2,5,1,9,90,140,90,NA
"141","Stylodonta studeriana",6450150,"EN","B1ab(iii)+2ab(iii)",2,5,1,9,90,141,90,NA
"142","Pachnodus ornatus",6452090,"EN","B1ab(iii)+2ab(iii)",2,5,1,9,90,142,90,NA
"143","Pachnodus kantilali",6452502,"EN","B1ab(iii)+2ab(iii)",2,5,1,9,90,143,90,NA
"144","Pachnodus becketti",6452824,"EN","B1ab(iii)+2ab(iii)",2,5,1,9,90,144,90,NA
"145","Pachnodus niger",6453496,"EN","B1ab(iii)+2ab(iii)",2,5,1,9,90,145,90,NA
"146","Pilula mahesiana",6456011,"EN","B1ab(iii)+2ab(iii)",2,5,1,9,90,146,90,NA
"147","Edentulina moreleti",6459016,"EN","B1ab(iii)+2ab(iii)",2,5,1,9,90,147,90,NA
"148","Glabrennea silhouettensis",6459829,"CR","B1ab(iii,v)c(iv)+2ab(iii,v)c(iv)",4,5,0.5,9,90,148,180,NA
"149","Imperturbatia constans",6460021,"EN","B1ab(iii)+2ab(iii)",2,5,1,9,90,149,90,NA
"150","Achyrospermum seychellarum",8856100,"EN","B1ab(iii)+2ab(iii)",2,5,1,9,90,150,90,NA
"151","Hypoxidia maheensis",8859866,"EN","B1ab(iii)+2ab(iii)",2,5,1,9,90,151,90,NA
"152","Glabrennea thomasseti",12999286,"CR","B1ab(iii,v)+2ab(iii,v)",4,5,0.5,9,90,152,180,NA
"153","Ibalonius karschii",21579656,"EN","B1ab(iii)+2ab(iii)",2,5,1,9,90,153,90,NA
"154","Rhachistia aldabrae",67485998,"CR","B1ac(iv)+2ac(iv)",4,5,0.5,9,90,154,180,NA
"155","Gynacantha stylata",119049670,"CR","B1ab(i,ii,iii)+2ab(i,ii,iii)",4,5,0.5,9,90,155,180,NA
"156","Archaius tigris",54013047,"EN","B1ab(ii,iii)+2ab(ii,iii)",2,10,0.5,6,60,156,120,NA
"157","Allolestes maclachlanii",119049509,"EN","B1ab(i,ii,iii,iv)+2ab(i,ii,iii,iv)",2,10,0.5,6,60,157,120,NA
"158","Sason sechellanum",2442709,"EN","B1ab(iii)+2ab(iii)",2,5,1,5,50,158,50,NA
"159","Larinia dasia",2442744,"EN","B1ab(iii)+2ab(iii)",2,5,1,5,50,159,50,NA
"160","Prasonica anarillea",2442751,"EN","B1ab(iii)+2ab(iii)",2,5,1,5,50,160,50,NA
"161","Prasonicella marsa",2442758,"EN","B1ab(iii)+2ab(iii)",2,5,1,5,50,161,50,NA
"162","Clubiona mahensis",2442772,"EN","B1ab(iii)+2ab(iii)",2,5,1,5,50,162,50,NA
"163","Clubiona nigrimaculosa",2442779,"EN","B1ab(iii)+2ab(iii)",2,5,1,5,50,163,50,NA
"164","Gamasomorpha mornensis",2442877,"EN","B2ab(iii)",2,5,1,5,50,164,50,NA
"165","Lionneta mahensis",2442905,"EN","B1ab(iii)+2ab(iii)",2,5,1,5,50,165,50,NA
"166","Lionneta orophila",2442912,"EN","B1ab(iii)+2ab(iii)",2,5,1,5,50,166,50,NA
"167","Lionneta praslinensis",2442919,"EN","B1ab(iii)+2ab(iii)",2,5,1,5,50,167,50,NA
"168","Lionneta savyi",2442926,"EN","B1ab(iii)+2ab(iii)",2,5,1,5,50,168,50,NA
"169","Lionneta sechellensis",2442933,"EN","B1ab(iii)+2ab(iii)",2,5,1,5,50,169,50,NA
"170","Orchestina justini",2442982,"EN","B1ab(iii)+2ab(iii)",2,5,1,5,50,170,50,NA
"171","Orchestina sechellorum",2442996,"EN","B1ab(iii)+2ab(iii)",2,5,1,5,50,171,50,NA
"172","Patri david",2443003,"EN","B1ab(iii)+2ab(iii)",2,5,1,5,50,172,50,NA
"173","Stenoonops opisthornatus",2443038,"EN","B1ab(iii)+2ab(iii)",2,5,1,5,50,173,50,NA
"174","Cenemus mikehilli",2443073,"EN","B1ab(iii)+2ab(iii)",2,5,1,5,50,174,50,NA
"175","Cynapes wrighti",2443129,"EN","B1ab(iii)+2ab(iii)",2,5,1,5,50,175,50,NA
"176","Hispo alboclypea",2443171,"EN","B1ab(iii)+2ab(iii)",2,5,1,5,50,176,50,NA
"177","Hispo striolata",2443178,"EN","B1ab(iii)+2ab(iii)",2,5,1,5,50,177,50,NA
"178","Pseudicius seychellensis",2443206,"EN","B1ab(iii)+2ab(iii)",2,5,1,5,50,178,50,NA
"179","Sadies gibbosa",2443220,"EN","B1ab(iii)+2ab(iii)",2,5,1,5,50,179,50,NA
"180","Anapistula seychellensis",2443304,"EN","B1ab(iii)+2ab(iii)",2,5,1,5,50,180,50,NA
"181","Seychellia wiljoi",2443325,"EN","B1ab(iii)+2ab(iii)",2,5,1,5,50,181,50,NA
"182","Mariblemma pandani",2458679,"EN","B1ab(iii)+2ab(iii)",2,5,1,5,50,182,50,NA
"183","Tetrablemma benoiti",2458686,"EN","B1ab(iii)+2ab(iii)",2,5,1,5,50,183,50,NA
"184","Tylorida mornensis",2458700,"EN","B1ab(iii)+2ab(iii)",2,5,1,5,50,184,50,NA
"185","Argyrodes chionus",2458714,"EN","B1ab(iii)+2ab(iii)",2,5,1,5,50,185,50,NA
"186","Dipoena hasra",2458749,"EN","B1ab(iii)+2ab(iii)",2,5,1,5,50,186,50,NA
"187","Dipoena pristea",2458756,"EN","B1ab(iii)+2ab(iii)",2,5,1,5,50,187,50,NA
"188","Euryopis helcra",2458763,"EN","B1ab(iii)+2ab(iii)",2,5,1,5,50,188,50,NA
"189","Rhomphaea recurvata",2458798,"EN","B1ab(iii)+2ab(iii)",2,5,1,5,50,189,50,NA
"190","Robertia braueri",2458812,"EN","B1ab(iii)+2ab(iii)",2,5,1,5,50,190,50,NA
"191","Theridion cloxum",2458840,"EN","B1ab(iii)+2ab(iii)",2,5,1,5,50,191,50,NA
"192","Theridion mehlum",2458847,"EN","B1ab(iii)+2ab(iii)",2,5,1,5,50,192,50,NA
"193","Theridion nagorum",2458854,"EN","B1ab(iii)+2ab(iii)",2,5,1,5,50,193,50,NA
"194","Theridion palanum",2458861,"EN","B1ab(iii)+2ab(iii)",2,5,1,5,50,194,50,NA
"195","Firmicus insularis",2458889,"EN","B1ab(iii)+2ab(iii)",2,5,1,5,50,195,50,NA
"196","Compsaditha seychellensis",2458917,"EN","B2ab(iii)",2,5,1,5,50,196,50,NA
"197","Ideoblothrus seychellesensis",2458924,"EN","B1ab(iii)+2ab(iii)",2,5,1,5,50,197,50,NA
"198","Australobius sechellarum",2475406,"EN","B1ab(iii)+2ab(iii)",2,5,1,5,50,198,50,NA
"199","Australobius abbreviatus",2475420,"EN","B1ab(iii)+2ab(iii)",2,5,1,5,50,199,50,NA
"200","Sechelliosoma forcipatum",2706145,"EN","B1ab(iii)+2ab(iii)",2,5,1,5,50,200,50,NA
"201","Sternothyrus braueri",2706730,"EN","B1ab(iii)+2ab(iii)",2,5,1,5,50,201,50,NA
"202","Eucarlia urophora",2706772,"EN","B2ab(iii)",2,5,1,5,50,202,50,NA
"203","Spiromanes sechellarum",2706793,"EN","B1ab(iii)+2ab(iii)",2,5,1,5,50,203,50,NA
"204","Spiromanes braueri",2706800,"EN","B1ab(iii)+2ab(iii)",2,5,1,5,50,204,50,NA
"205","Careoradula perelegans",6458448,"EN","B1ab(iii)+2ab(iii)",2,5,1,5,50,205,50,NA
"206","Glabrennea gardineri",6459630,"EN","B1ab(iii)+2ab(iii)",2,5,1,5,50,206,50,NA
"207","Quickia aldabrensis",6461161,"EN","B2ab(iii)",2,5,1,5,50,207,50,NA
"208","Elaphoglossum hornei",9115012,"EN","B1ab(iii)+2ab(iii)",2,5,1,5,50,208,50,NA
"209","Polyscias sechellarum",12588600,"VU","B1ab(iii)+2ab(iii)",1,5,2,5,50,209,25,NA
"210","Seychellonema gerlachi",15280805,"EN","B1ab(iii)c(iv)+2ab(iii)c(iv)",2,5,1,5,50,210,50,NA
"211","Biantes albimanus",21512957,"EN","B1ab(iii)+2ab(iii)",2,5,1,5,50,211,50,NA
"212","Biantes minimus",21513475,"EN","B1ab(iii)+2ab(iii)",2,5,1,5,50,212,50,NA
"213","Ibalonius bimaculatus",21576772,"EN","B1ab(iii)+2ab(iii)",2,5,1,5,50,213,50,NA
"214","Mitraceras pulchra",21579811,"EN","B1ab(iii)+2ab(iii)",2,5,1,5,50,214,50,NA
"215","Samoa sechellana",21579856,"EN","B1ab(iii)+2ab(iii)",2,5,1,5,50,215,50,NA
"216","Mops pusillus",22017997,"VU","D2",1,3.33333333333333,2,7,46.6666666666667,216,23.3333333333333,NA
"217","Nesowithius seychellesensis",2458980,"VU","B1ab(iii)+2ab(iii)",1,5,1,9,45,217,45,NA
"218","Hololeptoblatta minor",2593960,"EN","B1ab(i,ii)+2ab(i,ii)",2,5,0.5,9,45,218,90,NA
"219","Anisolabis scotti",2601246,"EN","B1ab(i,ii,iii)+2ab(i,ii,iii)",2,5,0.5,9,45,219,90,NA
"220","Pachnodus praslinus",6451541,"VU","B1ab(iii)+2ab(iii); D2",1,5,1,9,45,220,45,NA
"221","Pachnodus lionneti",6453790,"VU","B1ab(iii)+2ab(iii); D2",1,5,1,9,45,221,45,NA
"222","Priodiscus costatus",6460575,"VU","B1ab(iii)+2ab(iii); D2",1,5,1,9,45,222,45,NA
"223","Silhouettia silhouettae",6460773,"VU","B1ab(iii)+2ab(iii); D2",1,5,1,9,45,223,45,NA
"224","Nesokaliella subturritula",6461341,"VU","B1ab(iii)+2ab(iii); D2",1,5,1,9,45,224,45,NA
"225","Nesokaliella intermedia",6461549,"VU","B1ab(iii)+2ab(iii); D2",1,5,1,9,45,225,45,NA
"226","Nesokaliella minuta",6461745,"VU","B1ab(iii)+2ab(iii); D2",1,5,1,9,45,226,45,NA
"227","Allophylus sechellensis",8644727,"VU","B1ab(iii)+2ab(iii)",1,5,1,9,45,227,45,NA
"228","Punctum seychellarum",6456447,"VU","B1ab(iii)+2ab(iii); D2",1,5,1,7,35,228,35,NA
"229","Malaxis seychellarum",8860249,"VU","B1ab(iii)+2ab(iii); D2",1,5,1,7,35,229,35,NA
"230","Protarum sechellarum",8860884,"VU","B1ab(iii)+2ab(iii); D2",1,5,1,7,35,230,35,NA
"231","Grammitis sechellarum",9115304,"VU","B1ab(iii)+2ab(iii); D2",1,5,1,7,35,231,35,NA
"232","Pocillopora indiania",165986859,"EN","A3ce",2,1.25,6,2,30,232,15,NA
"233","Centrophorus isodon",267274929,"EN","A2d",2,1.25,6,2,30,233,15,NA
"234","Bardala labarda",2458742,"EN","B2ab(iii)",2,3.33333333333333,1,4,26.6666666666667,234,26.6666666666667,NA
"235","Nanume naneum",2458777,"EN","B2ab(iii)",2,3.33333333333333,1,4,26.6666666666667,235,26.6666666666667,NA
"236","Phycosoma menustya",2458784,"EN","B2ab(iii)",2,3.33333333333333,1,4,26.6666666666667,236,26.6666666666667,NA
"237","Australobius inflatitarsis",2475413,"EN","B2ab(iii)",2,3.33333333333333,1,4,26.6666666666667,237,26.6666666666667,NA
"238","Xerophaeus espoir",2442814,"VU","B1ab(iii)+2ab(iii)",1,5,1,5,25,238,25,NA
"239","Roche roche",2442842,"VU","B1ab(iii)+2ab(iii)",1,5,1,5,25,239,25,NA
"240","Prida sechellensis",2443017,"EN","B1ab(iii,v)+2ab(iii,v)",2,5,0.5,5,25,240,50,NA
"241","Silhouettella curieusei",2443031,"VU","B1ab(iii)+2ab(iii)",1,5,1,5,25,241,25,NA
"242","Cenemus culiculus",2443066,"VU","B1ab(iii)+2ab(iii)",1,5,1,5,25,242,25,NA
"243","Baviola braueri",2443101,"VU","B1ab(iii)+2ab(iii)",1,5,1,5,25,243,25,NA
"244","Baviola vanmoli",2443115,"VU","B1ab(iii)+2ab(iii)",1,5,1,5,25,244,25,NA
"245","Carrhotus bellus",2443122,"VU","B1ab(iii)+2ab(iii)",1,5,1,5,25,245,25,NA
"246","Hasarius rufociliatus",2443157,"VU","B1ab(iii)+2ab(iii)",1,5,1,5,25,246,25,NA
"247","Sadies fulgida",2443213,"VU","B1ab(iii)+2ab(iii)",1,5,1,5,25,247,25,NA
"248","Sadies seychellensis",2443227,"VU","B1ab(iii)+2ab(iii)",1,5,1,5,25,248,25,NA
"249","Soeuria soeur",2443255,"VU","B1ab(iii)+2ab(iii)",1,5,1,5,25,249,25,NA
"250","Mesida thorelli",2458693,"VU","B1ab(iii)+2ab(iii)",1,5,1,5,25,250,25,NA
"251","Argyrodella pusillus",2458707,"VU","B1ab(iii)+2ab(iii)",1,5,1,5,25,251,25,NA
"252","Argyrodes cognatus",2458721,"VU","B1ab(iii)+2ab(iii)",1,5,1,5,25,252,25,NA
"253","Argyrodes fissifrontellus",2458728,"VU","B1ab(iii)+2ab(iii)",1,5,1,5,25,253,25,NA
"254","Phycosoma spundana",2458791,"VU","B1ab(iii)+2ab(iii)",1,5,1,5,25,254,25,NA
"255","Stoda libudum",2458833,"VU","B1ab(iii)+2ab(iii)",1,5,1,5,25,255,25,NA
"256","Andasta benoiti",2458868,"VU","B1ab(iii)+2ab(iii)",1,5,1,5,25,256,25,NA
"257","Charinus seychellarum",2458903,"VU","B1ab(iii)+2ab(iii)",1,5,1,5,25,257,25,NA
"258","Beierolpium benoiti",2458952,"VU","B1ab(iii)+2ab(iii)",1,5,1,5,25,258,25,NA
"259","Rhinotus crassiceps",2475427,"VU","B1ab(iii)+2ab(iii)",1,5,1,5,25,259,25,NA
"260","Pterozonium braueri",2475460,"VU","B1ab(iii)+2ab(iii)",1,5,1,5,25,260,25,NA
"261","Miriamrothschildia aldabrensis",2594335,"EN","B1ab(i,ii)+2ab(i,ii)",2,5,0.5,5,25,261,50,NA
"262","Seychellesia patellifera",2594723,"EN","B1ab(i,ii,iii)+2ab(i,ii,iii)",2,5,0.5,5,25,262,50,NA
"263","Nocticola gerlachi",2595807,"EN","B1ab(i,ii)+2ab(i,ii)",2,5,0.5,5,25,263,50,NA
"264","Phaeogryllus fuscus",2596266,"EN","B1ab(i,ii,iii)+2ab(i,ii,iii)",2,5,0.5,5,25,264,50,NA
"265","Amphinotus pupulus",2597211,"EN","B1ab(i,ii,iii)+2ab(i,ii,iii)",2,5,0.5,5,25,265,50,NA
"266","Ectatoderus nigriceps",2597601,"EN","B1ab(i,ii)+2ab(i,ii)",2,5,0.5,5,25,266,50,NA
"267","Amphinotus nymphula",2597845,"EN","B1ab(i,ii,iii)+2ab(i,ii,iii)",2,5,0.5,5,25,267,50,NA
"268","Theganopteryx minuta",2598537,"EN","B1ab(i,ii,iv)+2ab(i,ii,iv)",2,5,0.5,5,25,268,50,NA
"269","Theganopteryx lunulata",2598806,"EN","B1ab(i,ii)+2ab(i,ii)",2,5,0.5,5,25,269,50,NA
"270","Graffaea seychellensis",2599070,"EN","B1ab(i,ii,iii)+2ab(i,ii,iii)",2,5,0.5,5,25,270,50,NA
"271","Metioche bolivari",2599837,"EN","B1ab(i,ii,iii)+2ab(i,ii,iii)",2,5,0.5,5,25,271,50,NA
"272","Seselphisis visenda",2599974,"EN","B1ab(i,ii,iii,iv)+2ab(i,ii,iii,iv)",2,5,0.5,5,25,272,50,NA
"273","Procytettix thalassanax",2600233,"EN","B1ab(i,ii)+2ab(i,ii)",2,5,0.5,5,25,273,50,NA
"274","Zarceus major",2600488,"EN","B1ab(i,ii,iii)+2ab(i,ii,iii)",2,5,0.5,5,25,274,50,NA
"275","Pternoscirtus aldabrae",2600609,"EN","B1ab(i,ii,iii)+2ab(i,ii,iii)",2,5,0.5,5,25,275,50,NA
"276","Enoplotettix gardineri",2600841,"EN","B1ab(i,ii,iii)+2ab(i,ii,iii)",2,5,0.5,5,25,276,50,NA
"277","Orthoxiphus nigrifrons",2601620,"EN","B1ab(i,ii,iii)+2ab(i,ii,iii)",2,5,0.5,5,25,277,50,NA
"278","Scottiola salticiformis",2601909,"EN","B1ab(i,ii,iii)+2ab(i,ii,iii)",2,5,0.5,5,25,278,50,NA
"279","Miriamrothschildia mahensis",2602294,"EN","B1ab(i,ii)+2ab(i,ii)",2,5,0.5,5,25,279,50,NA
"280","Seychellesia longicercata",2603039,"EN","B1ab(i,ii,iii)+2ab(i,ii,iii)",2,5,0.5,5,25,280,50,NA
"281","Hyperothrix orophura",2706828,"VU","B1ab(iii)+2ab(iii)",1,5,1,5,25,281,25,NA
"282","Stylodonta unidentata",6450480,"VU","B2ab(iii)",1,5,1,5,25,282,25,NA
"283","Acanthennea erinacea",6457523,"VU","B1ab(iii)+2ab(iii)",1,5,1,5,25,283,25,NA
"284","Augustula braueri",6457984,"VU","B1ab(iii)+2ab(iii)",1,5,1,5,25,284,25,NA
"285","Begonia seychellensis",8856478,"VU","B1ab(iii)+2ab(iii)",1,5,1,5,25,285,25,NA
"286","Gynura sechellensis",8857070,"VU","B1ab(iii)+2ab(iii)",1,5,1,5,25,286,25,NA
"287","Hederorkis seychellensis",8857229,"EN","B1ab(i,iii,v)+2ab(i,iii,v)",2,5,0.5,5,25,287,50,NA
"288","Hypoxidia rhizophylla",8859674,"VU","B1ab(iii)+2ab(iii)",1,5,1,5,25,288,25,NA
"289","Seychellaria thomassetii",8861218,"VU","B1ab(iii)+2ab(iii)",1,5,1,5,25,289,25,NA
"290","Syzygium wrightii",9554187,"VU","B1ab(iii)+2ab(iii)",1,5,1,5,25,290,25,NA
"291","Deckenia nobilis",10123751,"VU","B1ab(iii)+2ab(iii)",1,5,1,5,25,291,25,NA
"292","Symbiezidium madagascariense",10178262,"EN","B1+2cd",2,5,0.5,5,25,292,50,NA
"293","Ibalonius flavopictus",21577483,"VU","B1ab(iii)+2ab(iii)",1,5,1,5,25,293,25,NA
"294","Phrynichus scaber",2458910,"VU","B1ab(iii)+2ab(iii); D2",1,3.33333333333333,1,7,23.3333333333333,294,23.3333333333333,NA
"295","Ouette ouette",2442835,"VU","D2",1,5,0.5,9,22.5,295,45,NA
"296","Cousinea keeleyi",2442856,"VU","D2",1,5,0.5,9,22.5,296,45,NA
"297","Nesiergus insulanus",2475180,"VU","D2",1,5,0.5,9,22.5,297,45,NA
"298","Bamazomus aviculus",2475264,"VU","D2",1,5,0.5,9,22.5,298,45,NA
"299","Phalangacris phaloricephala",2595529,"VU","D2",1,5,0.5,9,22.5,299,45,NA
"300","Mapania seychellaria",8860409,"VU","D2",1,5,0.5,9,22.5,300,45,NA
"301","Seychellum alluaudi",58513166,"VU","D2",1,5,0.5,9,22.5,301,45,NA
"302","Grammitis pervillei",9115146,"VU","D2",1,5,0.5,7,17.5,302,35,NA
"303","Soulamea terminalioides",9557720,"VU","D2",1,5,0.5,7,17.5,303,35,NA
"304","Polyscias crassa",9791814,"VU","D2",1,5,0.5,7,17.5,304,35,NA
"305","Tarenna sechellensis",165443653,"VU","B1ab(i,ii,iii,iv,v)+2ab(i,ii,iii,iv,v)",1,2,2,4,16,305,8,NA
"306","Goleba pallens",2443136,"VU","B1ab(iii)+2ab(iii)",1,3.33333333333333,1,4,13.3333333333333,306,13.3333333333333,NA
"307","Rhomphaea barycephala",2458805,"VU","B1ab(iii)+2ab(iii)",1,3.33333333333333,1,4,13.3333333333333,307,13.3333333333333,NA
"308","Ectatoderus aldabrae",2596028,"EN","B1ab(i,ii)+2ab(i,ii)",2,3.33333333333333,0.5,4,13.3333333333333,308,26.6666666666667,NA
"309","Ornebius stenus",2597482,"EN","B1ab(i,ii)+2ab(i,ii)",2,3.33333333333333,0.5,4,13.3333333333333,309,26.6666666666667,NA
"310","Ectatoderus squamiger",2599718,"EN","B1ab(i,ii)+2ab(i,ii)",2,3.33333333333333,0.5,4,13.3333333333333,310,26.6666666666667,NA
"311","Ornebius syrticus",2602042,"EN","B2ab(i,ii)",2,3.33333333333333,0.5,4,13.3333333333333,311,26.6666666666667,NA
"312","Arachnocephalus subsulcatus",2602674,"EN","B1ab(i,ii)+2ab(i,ii)",2,3.33333333333333,0.5,4,13.3333333333333,312,26.6666666666667,NA
"313","Psychotria pervillei",8843430,"VU","D2",1,3.33333333333333,0.5,7,11.6666666666667,313,23.3333333333333,NA
"314","Chiromachus ochropus",21568706,"VU","D2",1,2.5,0.5,9,11.25,314,22.5,NA
"315","Ardeola idae",189949320,"EN","C2a(ii)",2,0.526315789473684,2,5,10.5263157894737,315,5.26315789473684,NA
"316","Platylepis occulta",87635452,"VU","A2c",1,0.769230769230769,4,3,9.23076923076923,316,3.07692307692308,NA
"317","Acropora roseni",165771027,"VU","A3ce",1,1.11111111111111,4,2,8.88888888888889,317,4.44444444444444,NA
"318","Brignolia trichinalis",2442954,"VU","B1ab(iii)+2ab(iii)",1,2,1,4,8,318,8,NA
"319","Paracephaelis trichantha",166513521,"VU","B2ab(iii)",1,2,1,4,8,319,8,NA
"320","Balaenoptera musculus",156923585,"EN","A1abd",2,0.112359550561798,6,2,2.69662921348315,320,1.34831460674157,NA
"321","Falco concolor",180387681,"VU","C2a(ii)",1,0.3125,2,4,2.5,321,1.25,NA
"322","Hydrobates matsudairae",132652969,"VU","D2",1,0.555555555555556,0.5,7,1.94444444444444,322,3.88888888888889,NA
"323","Birgus latro",126813586,"VU","A2cd+4cd",1,0.192307692307692,4,1,0.769230769230769,323,0.769230769230769,NA
"324","Myrsine seychellarum",9554051,"CR","D",4,10,0,10,0,NA,400,1
"325","Trilepisium gymnandrum",127865223,"CR","D",4,10,0,10,0,NA,400,2
"326","Garnotia sechellensis",8856872,"CR","D",4,5,0,10,0,NA,200,3
"327","Copsychus sechellarum",179276878,"EN","D",2,10,0,8,0,NA,160,4
"328","Euploea mitra",12907235,"EN","B1+2c",2,10,0,6,0,NA,120,5
"329","Ceodes sechellarum",9719159,"EN","D",2,5,0,9,0,NA,90,6
"330","Coracopsis barklyi",179281607,"VU","D1",1,10,0,9,0,NA,90,7
"331","Pteropus aldabrensis",22079192,"EN","B1ab(i,ii,iii)+2ab(i,ii,iii); D",2,5,0,8,0,NA,80,8
"332","Ficus bojeri",9558394,"VU","D2",1,10,0,7,0,NA,70,9
"333","Piper seychellarum",10847879,"VU","D2",1,10,0,7,0,NA,70,10
"334","Aerodramus elaphrus",177907869,"VU","D2",1,10,0,7,0,NA,70,11
"335","Trachylepis wrightii",179810445,"VU","D2",1,10,0,7,0,NA,70,12
"336","Terpsiphone corvina",157687578,"VU","D1",1,10,0,6,0,NA,60,13
"337","Falco araeus",227717030,"VU","D1",1,10,0,6,0,NA,60,14
"338","Paludomus ajanensis",91285682,"EN","D",2,3.33333333333333,0,8,0,NA,53.3333333333333,15
"339","Polposipus herculeanus",21425713,"VU","D2",1,5,0,9,0,NA,45,16
"340","Excoecaria benthamiana",9553759,"VU","D2",1,5,0,7,0,NA,35,17
"341","Cassipourea thomassetii",9858371,"VU","D2",1,5,0,7,0,NA,35,18
"342","Pandanus aldabraensis",10058716,"VU","D2",1,5,0,7,0,NA,35,19
"343","Malleastrum leroyi",10064552,"VU","D2",1,5,0,7,0,NA,35,20
"344","Erythroxylum acranthum",10073407,"VU","D2",1,5,0,7,0,NA,35,21
"345","Allophylus aldabricus",10073612,"VU","D2",1,5,0,7,0,NA,35,22
"346","Chamaecrista aldabrensis",274385411,"VU","D2",1,5,0,7,0,NA,35,23
"347","Cryptoblepharus aldabrae",109452631,"VU","D2",1,3.33333333333333,0,7,0,NA,23.3333333333333,24
"348","Papasula abbotti",152726109,"EN","B2ab(ii,iii)",2,2,0,4,0,NA,16,25
"349","Geochelone gigantea",12949962,"VU","D2",1,2,0,7,0,NA,14,26
"350","Aetomylaeus vespertilio",124440895,"CR","A2cd",4,0.277777777777778,10,0,0,NA,11.1111111111111,27
"351","Acropora rudis",165628045,"EN","A3ce",2,0.909090909090909,6,0,0,NA,10.9090909090909,28
"352","Acropora sordiensis",218756523,"EN","A3ce",2,0.833333333333333,6,0,0,NA,10,29
"353","Rhynchobatus australiae",68643043,"CR","A2bd",4,0.238095238095238,10,0,0,NA,9.52380952380952,30
"354","Acropora mossambica",218756167,"EN","A3ce",2,0.666666666666667,6,0,0,NA,8,31
"355","Rhina ancylostomus",124421912,"CR","A2bd",4,0.196078431372549,10,0,0,NA,7.84313725490196,32
"356","Acropora downingi",165906044,"EN","A3ce",2,0.588235294117647,6,0,0,NA,7.05882352941176,33
"357","Acropora arabensis",165970329,"EN","A3ce",2,0.588235294117647,6,0,0,NA,7.05882352941176,34
"358","Montipora orientalis",165637028,"EN","A3ce",2,0.526315789473684,6,0,0,NA,6.31578947368421,35
"359","Pristis pristis",58336780,"CR","A2cd",4,0.151515151515152,10,0,0,NA,6.06060606060606,36
"360","Acropora squarrosa",165870722,"EN","A3ce",2,0.5,6,0,0,NA,6,37
"361","Holothuria nobilis",274961922,"EN","A2bd",2,0.476190476190476,6,0,0,NA,5.71428571428571,38
"362","Vanellus gregarius",155545788,"CR","A3bcd+4bcd",4,0.140845070422535,10,0,0,NA,5.63380281690141,39
"363","Acropora hemprichii",165659729,"EN","A3ce",2,0.434782608695652,6,0,0,NA,5.21739130434783,40
"364","Seriatopora guttata",165974960,"EN","A3ce",2,0.434782608695652,6,0,0,NA,5.21739130434783,41
"365","Acropora stoddarti",165630875,"EN","A3ce",2,0.4,6,0,0,NA,4.8,42
"366","Eretmochelys imbricata",12881238,"CR","A2bd",4,0.113636363636364,10,0,0,NA,4.54545454545454,43
"367","Montipora stilosa",165657060,"EN","A3ce",2,0.37037037037037,6,0,0,NA,4.44444444444444,44
"368","Montipora friabilis",165735311,"EN","A3ce",2,0.37037037037037,6,0,0,NA,4.44444444444444,45
"369","Isopora brueggemanni",165759263,"EN","A3ce",2,0.37037037037037,6,0,0,NA,4.44444444444444,46
"370","Isopora crateriformis",165907396,"EN","A3ce",2,0.37037037037037,6,0,0,NA,4.44444444444444,47
"371","Alveopora daedalea",165717596,"EN","A3ce",2,0.357142857142857,6,0,0,NA,4.28571428571429,48
"372","Porites attenuata",165725082,"EN","A3ce",2,0.357142857142857,6,0,0,NA,4.28571428571429,49
"373","Lethrinus mahsena",16722325,"EN","A2bd",2,0.32258064516129,6,0,0,NA,3.87096774193548,50
"374","Acropora pharaonis",165793790,"EN","A3ce",2,0.32258064516129,6,0,0,NA,3.87096774193548,51
"375","Montipora lobulata",165729527,"EN","A3ce",2,0.303030303030303,6,0,0,NA,3.63636363636364,52
"376","Micromussa lordhowensis",165852855,"EN","A3ce",2,0.285714285714286,6,0,0,NA,3.42857142857143,53
"377","Montipora australiensis",165893439,"EN","A3ce",2,0.277777777777778,6,0,0,NA,3.33333333333333,54
"378","Holothuria lessoni",1609567,"EN","A2bd",2,0.27027027027027,6,0,0,NA,3.24324324324324,55
"379","Montipora effusa",165685629,"EN","A3ce",2,0.256410256410256,6,0,0,NA,3.07692307692308,56
"380","Acropora glauca",165944388,"EN","A3ce",2,0.256410256410256,6,0,0,NA,3.07692307692308,57
"381","Dipsastraea laxa",165865677,"EN","A3ce",2,0.25,6,0,0,NA,3,58
"382","Sphyrna mokarran",2920499,"CR","A2bd",4,0.072463768115942,10,0,0,NA,2.89855072463768,59
"383","Acropora striata",165815669,"EN","A3ce",2,0.238095238095238,6,0,0,NA,2.85714285714286,60
"384","Hemipristis elongata",124424011,"EN","A2d",2,0.232558139534884,6,0,0,NA,2.7906976744186,61
"385","Acropora retusa",165728440,"EN","A3ce",2,0.232558139534884,6,0,0,NA,2.7906976744186,62
"386","Acropora palmerae",165935749,"EN","A3ce",2,0.232558139534884,6,0,0,NA,2.7906976744186,63
"387","Carcharhinus longimanus",2911619,"CR","A2bd",4,0.0675675675675676,10,0,0,NA,2.7027027027027,64
"388","Pectinia lactuca",165634982,"EN","A3ce",2,0.222222222222222,6,0,0,NA,2.66666666666667,65
"389","Astreopora suggesta",165694150,"EN","A3ce",2,0.217391304347826,6,0,0,NA,2.60869565217391,66
"390","Alveopora fenestrata",165931994,"EN","A3ce",2,0.217391304347826,6,0,0,NA,2.60869565217391,67
"391","Montipora undata",165968337,"EN","A3ce",2,0.217391304347826,6,0,0,NA,2.60869565217391,68
"392","Mobula kuhlii",214405747,"EN","A2bd+3d",2,0.217391304347826,6,0,0,NA,2.60869565217391,69
"393","Merulina scabricula",165681375,"EN","A3ce",2,0.212765957446809,6,0,0,NA,2.5531914893617,70
"394","Montipora digitata",165764784,"EN","A3ce",2,0.212765957446809,6,0,0,NA,2.5531914893617,71
"395","Alveopora verrilliana",165745706,"EN","A3ce",2,0.208333333333333,6,0,0,NA,2.5,72
"396","Acropora yongei",165942828,"EN","A3ce",2,0.208333333333333,6,0,0,NA,2.5,73
"397","Sphyrna lewini",2918526,"CR","A2bd",4,0.062111801242236,10,0,0,NA,2.48447204968944,74
"398","Stylophora subseriata",165935170,"EN","A3ce",2,0.204081632653061,6,0,0,NA,2.44897959183673,75
"399","Rostroraja alba",183781512,"EN","A2cd",2,0.204081632653061,6,0,0,NA,2.44897959183673,76
"400","Calidris tenuirostris",155482913,"EN","A2bc+3bc+4bc",2,0.2,6,0,0,NA,2.4,77
"401","Acropora microclados",165849704,"EN","A3ce",2,0.2,6,0,0,NA,2.4,78
"402","Acropora nana",166018690,"EN","A3ce",2,0.2,6,0,0,NA,2.4,79
"403","Favites valenciennesii",165668021,"EN","A3ce",2,0.196078431372549,6,0,0,NA,2.35294117647059,80
"404","Acropora elseyi",165673689,"EN","A3ce",2,0.196078431372549,6,0,0,NA,2.35294117647059,81
"405","Acropora aculeus",165903510,"EN","A3ce",2,0.196078431372549,6,0,0,NA,2.35294117647059,82
"406","Acropora anthocercis",165927627,"EN","A3ce",2,0.196078431372549,6,0,0,NA,2.35294117647059,83
"407","Montipora peltiformis",165950846,"EN","A3ce",2,0.196078431372549,6,0,0,NA,2.35294117647059,84
"408","Acropora longicyathus",165663454,"EN","A3ce",2,0.192307692307692,6,0,0,NA,2.30769230769231,85
"409","Isopora palifera",165738739,"EN","A3ce",2,0.192307692307692,6,0,0,NA,2.30769230769231,86
"410","Holothuria scabra",1606648,"EN","A2bd",2,0.188679245283019,6,0,0,NA,2.26415094339623,87
"411","Urogymnus asperrimus",124411670,"EN","A2cd",2,0.188679245283019,6,0,0,NA,2.26415094339623,88
"412","Acropora polystoma",165992609,"EN","A3ce",2,0.188679245283019,6,0,0,NA,2.26415094339623,89
"413","Mobula eregoodoo",214376402,"EN","A2bd+3d",2,0.188679245283019,6,0,0,NA,2.26415094339623,90
"414","Acropora acuminata",165640708,"EN","A3ce",2,0.185185185185185,6,0,0,NA,2.22222222222222,91
"415","Acropora listeri",165653423,"EN","A3ce",2,0.185185185185185,6,0,0,NA,2.22222222222222,92
"416","Montipora spongodes",165792388,"EN","A3ce",2,0.185185185185185,6,0,0,NA,2.22222222222222,93
"417","Acropora solitaryensis",165830562,"EN","A3ce",2,0.185185185185185,6,0,0,NA,2.22222222222222,94
"418","Montipora grisea",165881406,"EN","A3ce",2,0.185185185185185,6,0,0,NA,2.22222222222222,95
"419","Dipsastraea lizardensis",165926708,"EN","A3ce",2,0.185185185185185,6,0,0,NA,2.22222222222222,96
"420","Acropora grandis",165675210,"EN","A3ce",2,0.181818181818182,6,0,0,NA,2.18181818181818,97
"421","Thelenota ananas",1636021,"EN","A2bd",2,0.178571428571429,6,0,0,NA,2.14285714285714,98
"422","Acropora florida",165605719,"EN","A3ce",2,0.178571428571429,6,0,0,NA,2.14285714285714,99
"423","Montipora floweri",165761359,"EN","A3ce",2,0.175438596491228,6,0,0,NA,2.10526315789474,100
"424","Urogymnus granulatus",124484009,"EN","A2cd",2,0.172413793103448,6,0,0,NA,2.06896551724138,101
"425","Acropora vaughani",165681978,"EN","A3ce",2,0.172413793103448,6,0,0,NA,2.06896551724138,102
"426","Acropora millepora",166002970,"EN","A3ce",2,0.172413793103448,6,0,0,NA,2.06896551724138,103
"427","Astreopora listeri",165804470,"EN","A3ce",2,0.166666666666667,6,0,0,NA,2,104
"428","Stegostoma tigrinum",124425292,"EN","A2bcd",2,0.163934426229508,6,0,0,NA,1.9672131147541,105
"429","Acropora loripes",165656362,"EN","A3ce",2,0.163934426229508,6,0,0,NA,1.9672131147541,106
"430","Acropora pulchra",165686669,"EN","A3ce",2,0.163934426229508,6,0,0,NA,1.9672131147541,107
"431","Danafungia scruposa",165824266,"EN","A3c",2,0.163934426229508,6,0,0,NA,1.9672131147541,108
"432","Acropora monticulosa",165827961,"EN","A3ce",2,0.163934426229508,6,0,0,NA,1.9672131147541,109
"433","Montipora spumosa",165946810,"EN","A3ce",2,0.163934426229508,6,0,0,NA,1.9672131147541,110
"434","Lithophyllon repanda",165662053,"EN","A3c",2,0.161290322580645,6,0,0,NA,1.93548387096774,111
"435","Oulophyllia crispa",165767969,"EN","A3ce",2,0.161290322580645,6,0,0,NA,1.93548387096774,112
"436","Alveopora allingi",165836622,"EN","A3ce",2,0.161290322580645,6,0,0,NA,1.93548387096774,113
"437","Acropora verweyi",165936343,"EN","A3ce",2,0.161290322580645,6,0,0,NA,1.93548387096774,114
"438","Acropora subulata",166011138,"EN","A3ce",2,0.161290322580645,6,0,0,NA,1.93548387096774,115
"439","Acropora secale",165615514,"EN","A3ce",2,0.158730158730159,6,0,0,NA,1.9047619047619,116
"440","Acropora divaricata",165626293,"EN","A3ce",2,0.158730158730159,6,0,0,NA,1.9047619047619,117
"441","Acropora austera",165747988,"EN","A3ce",2,0.158730158730159,6,0,0,NA,1.9047619047619,118
"442","Acropora selago",165710104,"EN","A3ce",2,0.15625,6,0,0,NA,1.875,119
"443","Acropora latistella",165730834,"EN","A3ce",2,0.15625,6,0,0,NA,1.875,120
"444","Montipora hispida",165787902,"EN","A3ce",2,0.15625,6,0,0,NA,1.875,121
"445","Acropora lutkeni",165821593,"EN","A3ce",2,0.15625,6,0,0,NA,1.875,122
"446","Montipora mollis",166006972,"EN","A3ce",2,0.15625,6,0,0,NA,1.875,123
"447","Negaprion acutidens",173435545,"EN","A2bd",2,0.15625,6,0,0,NA,1.875,124
"448","Acropora samoensis",165668656,"EN","A3ce",2,0.153846153846154,6,0,0,NA,1.84615384615385,125
"449","Acropora intermedia",218756129,"EN","A3ce",2,0.153846153846154,6,0,0,NA,1.84615384615385,126
"450","Acropora robusta",165794325,"EN","A3ce",2,0.151515151515152,6,0,0,NA,1.81818181818182,127
"451","Montipora danae",165897161,"EN","A3ce",2,0.151515151515152,6,0,0,NA,1.81818181818182,128
"452","Acropora valenciennesi",165978585,"EN","A3ce",2,0.151515151515152,6,0,0,NA,1.81818181818182,129
"453","Acropora microphthalma",165679447,"EN","A3ce",2,0.149253731343284,6,0,0,NA,1.7910447761194,130
"454","Montipora turgescens",165819304,"EN","A3ce",2,0.149253731343284,6,0,0,NA,1.7910447761194,131
"455","Acropora gemmifera",165832731,"EN","A3ce",2,0.149253731343284,6,0,0,NA,1.7910447761194,132
"456","Acropora abrotanoides",165994001,"EN","A3ce",2,0.149253731343284,6,0,0,NA,1.7910447761194,133
"457","Pocillopora acuta",219768281,"EN","A3ce",2,0.149253731343284,6,0,0,NA,1.7910447761194,134
"458","Acropora clathrata",165771425,"EN","A3ce",2,0.147058823529412,6,0,0,NA,1.76470588235294,135
"459","Acropora digitifera",165795607,"EN","A3ce",2,0.147058823529412,6,0,0,NA,1.76470588235294,136
"460","Acropora hyacinthus",165910938,"EN","A3ce",2,0.147058823529412,6,0,0,NA,1.76470588235294,137
"461","Acropora cerealis",165957417,"EN","A3ce",2,0.147058823529412,6,0,0,NA,1.76470588235294,138
"462","Lobophyllia hemprichii",165880675,"EN","A3ce",2,0.144927536231884,6,0,0,NA,1.73913043478261,139
"463","Acropora humilis",165665320,"EN","A3ce",2,0.142857142857143,6,0,0,NA,1.71428571428571,140
"464","Acropora tenuis",165678669,"EN","A3ce",2,0.142857142857143,6,0,0,NA,1.71428571428571,141
"465","Acropora horrida",165829820,"EN","A3ce",2,0.142857142857143,6,0,0,NA,1.71428571428571,142
"466","Lithophyllon concinna",165879990,"EN","A3c",2,0.142857142857143,6,0,0,NA,1.71428571428571,143
"467","Cheilinus undulatus",11023949,"EN","A2bd+3bd",2,0.140845070422535,6,0,0,NA,1.69014084507042,144
"468","Montipora efflorescens",165755570,"EN","A3ce",2,0.140845070422535,6,0,0,NA,1.69014084507042,145
"469","Acropora cytherea",165826487,"EN","A3ce",2,0.138888888888889,6,0,0,NA,1.66666666666667,146
"470","Montipora foliosa",165705966,"EN","A3ce",2,0.136986301369863,6,0,0,NA,1.64383561643836,147
"471","Acropora muricata",219836713,"EN","A3ce",2,0.136986301369863,6,0,0,NA,1.64383561643836,148
"472","Montipora aequituberculata",165827190,"EN","A3ce",2,0.135135135135135,6,0,0,NA,1.62162162162162,149
"473","Montipora venosa",165985544,"EN","A3ce",2,0.135135135135135,6,0,0,NA,1.62162162162162,150
"474","Montipora informis",165703003,"EN","A3ce",2,0.133333333333333,6,0,0,NA,1.6,151
"475","Pavona duerdeni",166020214,"EN","A3ce",2,0.131578947368421,6,0,0,NA,1.57894736842105,152
"476","Millepora tenera",179617703,"EN","A3ce",2,0.131578947368421,6,0,0,NA,1.57894736842105,153
"477","Montipora tuberculosa",165843018,"EN","A3ce",2,0.12987012987013,6,0,0,NA,1.55844155844156,154
"478","Centrophorus granulosus",254964078,"EN","A2bd",2,0.128205128205128,6,0,0,NA,1.53846153846154,155
"479","Millepora platyphylla",179623155,"EN","A3ce",2,0.126582278481013,6,0,0,NA,1.51898734177215,156
"480","Acropora nasuta",165788565,"EN","A3ce",2,0.125,6,0,0,NA,1.5,157
"481","Aetobatus ocellatus",124549514,"EN","A2bcd",2,0.123456790123457,6,0,0,NA,1.48148148148148,158
"482","Acropora valida",165816927,"EN","A3ce",2,0.120481927710843,6,0,0,NA,1.44578313253012,159
"483","Centroscymnus owstonii",68615392,"VU","A2d",1,0.357142857142857,4,0,0,NA,1.42857142857143,160
"484","Odontaspis ferox",124424595,"EN","A2d",2,0.117647058823529,6,0,0,NA,1.41176470588235,161
"485","Pocillopora verrucosa",165766340,"EN","A3ce",2,0.116279069767442,6,0,0,NA,1.3953488372093,162
"486","Pocillopora damicornis",165779794,"EN","A3ce",2,0.10989010989011,6,0,0,NA,1.31868131868132,163
"487","Alopias pelagicus",68607857,"EN","A2bd",2,0.108695652173913,6,0,0,NA,1.30434782608696,164
"488","Stichopus herrmanni",1604460,"VU","A2bd",1,0.263157894736842,4,0,0,NA,1.05263157894737,165
"489","Makaira nigricans",76596659,"EN","A2bd",2,0.0869565217391304,6,0,0,NA,1.04347826086957,166
"490","Albula glossodonta",2310398,"VU","A2bcd",1,0.256410256410256,4,0,0,NA,1.02564102564103,167
"491","Bolbometopon muricatum",17894276,"VU","A2d",1,0.25,4,0,0,NA,1,168
"492","Anacropora forbesi",165840972,"VU","A3ce",1,0.24390243902439,4,0,0,NA,0.975609756097561,169
"493","Carcharhinus amboinensis",173434051,"VU","A2d",1,0.24390243902439,4,0,0,NA,0.975609756097561,170
"494","Carcharhinus plumbeus",2874370,"EN","A2bd",2,0.08,6,0,0,NA,0.96,171
"495","Hippocampus kelloggi",54908593,"VU","A2cd",1,0.222222222222222,4,0,0,NA,0.888888888888889,172
"496","Actinopyga mauritiana",1616879,"VU","A2bd",1,0.217391304347826,4,0,0,NA,0.869565217391304,173
"497","Lobophyllia robusta",165708290,"VU","A3ce",1,0.217391304347826,4,0,0,NA,0.869565217391304,174
"498","Astreopora expansa",165782523,"VU","A3ce",1,0.212765957446809,4,0,0,NA,0.851063829787234,175
"499","Hippocampus histrix",54905206,"VU","A2cd+4cd",1,0.208333333333333,4,0,0,NA,0.833333333333333,176
"500","Oxymonacanthus longirostris",115476659,"VU","A3c",1,0.196078431372549,4,0,0,NA,0.784313725490196,177
"501","Montipora hoffmeisteri",166019596,"VU","A3ce",1,0.196078431372549,4,0,0,NA,0.784313725490196,178
"502","Isurus paucus",3095898,"EN","A2d",2,0.0649350649350649,6,0,0,NA,0.779220779220779,179
"503","Actinopyga miliaris",1607822,"VU","A2bd",1,0.192307692307692,4,0,0,NA,0.769230769230769,180
"504","Actinopyga echinites",1642310,"VU","A2bd",1,0.192307692307692,4,0,0,NA,0.769230769230769,181
"505","Pateobatis fai",124515272,"VU","A2cd",1,0.188679245283019,4,0,0,NA,0.754716981132076,182
"506","Seriatopora caliendrum",165683704,"VU","A3ce",1,0.188679245283019,4,0,0,NA,0.754716981132076,183
"507","Dugong dugon",160756767,"VU","A2bcd+4bcd",1,0.181818181818182,4,0,0,NA,0.727272727272727,184
"508","Mobula birostris",214397182,"EN","A2bcd+3d",2,0.0598802395209581,6,0,0,NA,0.718562874251497,185
"509","Mobula mobular",214381504,"EN","A2bd+3d",2,0.0591715976331361,6,0,0,NA,0.710059171597633,186
"510","Mobula tarapacana",214371388,"EN","A2bd+3d",2,0.0578034682080925,6,0,0,NA,0.69364161849711,187
"511","Mobula thurstoni",214368409,"EN","A2bd+3d",2,0.0564971751412429,6,0,0,NA,0.677966101694915,188
"512","Montipora millepora",165676294,"VU","A3ce",1,0.166666666666667,4,0,0,NA,0.666666666666667,189
"513","Epinephelus fuscoguttatus",100468078,"VU","A2bd+4bd",1,0.163934426229508,4,0,0,NA,0.655737704918033,190
"514","Isurus oxyrinchus",2903170,"EN","A2bd",2,0.0543478260869565,6,0,0,NA,0.652173913043478,191
"515","Calidris acuminata",152588591,"VU","A2bce+3bce+4bce",1,0.161290322580645,4,0,0,NA,0.645161290322581,192
"516","Acropora granulosa",165644153,"VU","A3ce",1,0.158730158730159,4,0,0,NA,0.634920634920635,193
"517","Lobophyllia corymbosa",165944911,"VU","A3ce",1,0.158730158730159,4,0,0,NA,0.634920634920635,194
"518","Epinephelus polyphekadion",100553967,"VU","A2bd",1,0.15625,4,0,0,NA,0.625,195
"519","Chelonia mydas",247654386,"EN","A2bd",2,0.0515463917525773,6,0,0,NA,0.618556701030928,196
"520","Seriatopora hystrix",165864447,"VU","A3ce",1,0.153846153846154,4,0,0,NA,0.615384615384615,197
"521","Alveopora spongiosa",165912495,"VU","A3ce",1,0.153846153846154,4,0,0,NA,0.615384615384615,198
"522","Porites lichen",165680666,"VU","A3ce",1,0.151515151515152,4,0,0,NA,0.606060606060606,199
"523","Montipora monasteriata",165933017,"VU","A3ce",1,0.151515151515152,4,0,0,NA,0.606060606060606,200
"524","Echinopora lamellosa",165714474,"VU","A3ce",1,0.144927536231884,4,0,0,NA,0.579710144927536,201
"525","Nebrius ferrugineus",173437098,"VU","A2bcd",1,0.144927536231884,4,0,0,NA,0.579710144927536,202
"526","Taeniurops meyeni",124445924,"VU","A2cd",1,0.142857142857143,4,0,0,NA,0.571428571428571,203
"527","Pavona cactus",165948083,"VU","A3ce",1,0.142857142857143,4,0,0,NA,0.571428571428571,204
"528","Dipsastraea favus",165953718,"VU","A3ce",1,0.135135135135135,4,0,0,NA,0.540540540540541,205
"529","Montipora verrucosa",165991842,"VU","A3ce",1,0.133333333333333,4,0,0,NA,0.533333333333333,206
"530","Carcharhinus brevipinna",2908817,"VU","A2bd",1,0.131578947368421,4,0,0,NA,0.526315789473684,207
"531","Carcharhinus melanopterus",58303674,"VU","A2bcd",1,0.12987012987013,4,0,0,NA,0.519480519480519,208
"532","Carcharhinus albimarginatus",124499982,"VU","A2bd",1,0.12987012987013,4,0,0,NA,0.519480519480519,209
"533","Mobula alfredi",214395983,"VU","A2bcd+3d",1,0.12987012987013,4,0,0,NA,0.519480519480519,210
"534","Balaenoptera physalus",50349982,"VU","A1d",1,0.128205128205128,4,0,0,NA,0.512820512820513,211
"535","Triaenodon obesus",173436715,"VU","A2bcd",1,0.121951219512195,4,0,0,NA,0.48780487804878,212
"536","Calidris subruficollis",256354281,"VU","A2bc+4bc",1,0.1,4,0,0,NA,0.4,213
"537","Falco vespertinus",200136196,"VU","A2abc+3bc+4abc",1,0.0900900900900901,4,0,0,NA,0.36036036036036,214
"538","Carcharhinus leucas",2910670,"VU","A2bcd",1,0.0884955752212389,4,0,0,NA,0.353982300884956,215
"539","Streptopelia turtur",154373407,"VU","A2bcd+3bcd+4bcd",1,0.0869565217391304,4,0,0,NA,0.347826086956522,216
"540","Makaira nigricans",46936155,"VU","A2bd",1,0.0854700854700855,4,0,0,NA,0.341880341880342,217
"541","Carcharhinus limbatus",2870736,"VU","A2bd",1,0.0793650793650794,4,0,0,NA,0.317460317460317,218
"542","Hydrobates leucorhous",132438484,"VU","A2bce+3bce+4bce",1,0.0775193798449612,4,0,0,NA,0.310077519379845,219
"543","Thunnus obesus",46912402,"VU","A2bd",1,0.0763358778625954,4,0,0,NA,0.305343511450382,220
"544","Sphyrna zygaena",2921825,"VU","A2bd",1,0.0740740740740741,4,0,0,NA,0.296296296296296,221
"545","Holothuria fuscogilva",2681354,"VU","A2bd",1,0.072992700729927,4,0,0,NA,0.291970802919708,222
"546","Dermochelys coriacea",43526147,"VU","A2bd",1,0.0714285714285714,4,0,0,NA,0.285714285714286,223
"547","Calidris falcinellus",257323525,"VU","A2bc+4bc",1,0.0699300699300699,4,0,0,NA,0.27972027972028,224
"548","Istiophorus platypterus",46649664,"VU","A2bd",1,0.0549450549450549,4,0,0,NA,0.21978021978022,225
"549","Calidris ferruginea",180593985,"VU","A2bcd+4bcd",1,0.0546448087431694,4,0,0,NA,0.218579234972678,226
"550","Physeter macrocephalus",160983555,"VU","A1d",1,0.0540540540540541,4,0,0,NA,0.216216216216216,227
"551","Alopias superciliosus",894216,"VU","A2bd",1,0.0523560209424084,4,0,0,NA,0.209424083769634,228
"552","Mola mola",97667070,"VU","A4bd",1,0.0505050505050505,4,0,0,NA,0.202020202020202,229
"553","Carcharodon carcharias",212629880,"VU","A2bd",1,0.0495049504950495,4,0,0,NA,0.198019801980198,230
"554","Alopias vulpinus",212641186,"VU","A2bd",1,0.0490196078431373,4,0,0,NA,0.196078431372549,231
"555","Pluvialis squatarola",254375039,"VU","A2bcd+4bcd",1,0.0452488687782805,4,0,0,NA,0.180995475113122,232
